@CO	shape:(4851,)
@CO	dtype:float64
VALUE_0
0.13604634342513441
0.0847218108056575
0.1448203345822583
0.24444546954964716
0.24890578521567575
0.25769840474958655
0.18215471042965845
0.3879733641943307
0.29501575526163926
0.35308177719652556
0.30698112917476333
0.2824911069272221
0.2832530146711455
0.3047333383248655
0.4021555879668651
0.2642548494454222
0.24201265667810995
0.23204907033969352
0.36869199223542964
0.6031137771246825
0.2784078826122308
0.5567861210080816
0.6365750326520409
0.3525292501616841
0.39139576900565376
0.2647419471391178
0.30196492627118793
0.7269731297009546
0.4817365532380244
0.39857938732114584
0.3087844656057168
0.3225842137595434
0.19351760785930697
0.12796782207767343
0.13407301427196394
0.17560937091842363
0.23813618603126646
0.2540733580136994
0.39605801378313243
0.20714085937866278
0.15808548995360733
0.23128606378096842
0.20294004777971034
0.29755946122795984
0.22043026261380863
0.24557776248386004
0.4284035953708847
0.46414723098334293
0.2711095153123774
0.3080232432215054
0.18181241767073558
0.1935696147764511
0.3083795183396012
0.36227789714246866
0.35352785126077263
0.48891060364347616
0.31317226934010783
0.23219551588756004
0.16947411940600324
0.2186783345982922
0.2973876235272151
0.19178511156719916
0.467555465090993
0.3366518482997122
0.38726108245017166
0.1859717458380026
0.2856354115193938
0.25990818654256886
0.2613669500454201
0.26158395923562794
0.2714210761441227
0.3575063068336831
0.4219501016644829
0.42415652113166885
0.1864400216488152
0.16161788072606745
0.24105977987183436
0.15958648022297522
0.20312903729487056
0.18970988689288062
0.21060670012269234
0.26753191566927287
0.19408003513301242
0.21140765032986547
0.1355797166933786
0.16813591957960078
0.15636321302870843
0.19314410338065724
0.20764040044969767
0.20935626074161817
0.2396153469804273
0.2245272367074028
0.15387121229360906
0.27707656980432
0.23770951695139372
0.23597804986028292
0.2598719729246741
0.31634905477003794
0.2919489852929738
0.2205862479623664
0.22872855478957874
0.2367819482318375
0.1952825307060963
0.13435218565417895
0.12226231968969814
0.18452988762191821
0.2043655153734631
0.21669818325475942
0.1937560845958574
0.20179060188816692
0.22830141935612597
0.20105635391162616
0.2109938267506733
0.15817418238771624
0.1678715959792478
0.22751332355556264
0.2007967569784467
0.27487699259695253
0.2703984718090151
0.25444936214457675
0.2783693417915878
0.27305129837046893
0.20354814331894222
0.25037511226838727
0.237713200625081
0.0833628239707193
0.2036510130914074
0.17499774833763274
0.1255285136853998
0.14549784908727084
0.14865810928144269
0.1295847011099381
0.11004329122969984
0.11965613590556948
0.1355501826139147
0.1698262749492616
0.2052042117995138
0.19741692054839435
0.23045872108141788
0.1821789977567361
0.12151458109902026
0.15484650455720692
0.15857533937600887
0.1826111006248849
0.1936335208508416
0.18100290766648125
0.23255503356042712
0.15996441858336696
0.31801531043073594
0.2977724265142976
0.45479169853940565
0.33106555438011104
0.22730039849711053
0.22281821340966443
0.1654046290070489
0.16671768930615896
0.24965520597935975
0.22726950545256366
0.19942865334697382
0.15325648761321176
0.13180967897367132
0.1097259537590978
0.17015662101133208
0.21912473199909813
0.27315016506134093
0.305872153491077
0.317135372599551
0.38235157836605205
0.22490949902702567
0.1244693010930424
0.3068594326227715
0.17851032356370505
0.23896315020025188
0.18856000250665816
0.15046939138674154
0.17321863229837875
0.15907700889619422
0.13290735202059442
0.2137617450012447
0.19635020921198357
0.18144105356077186
0.27945880880953
0.3233130806827836
0.3781814533087582
0.4225438498436138
0.3684120567428062
0.24981148885880078
0.4761576603758356
0.23581274124689902
0.09137308994486361
0.15197182966464023
0.4079173113171993
0.40483882200254323
0.38280834429429245
0.34745281360261804
0.15003917341256293
0.20533987936965123
0.2368074681772215
0.22770543940441454
0.21610042079300934
0.21096369519067157
0.2972381043362333
0.3135031803415843
0.21388904766675482
0.2251867698489515
0.20134302290942593
0.21563947176420864
0.17071085184665286
0.18289463515869891
0.19459220412626638
0.19742792058749842
0.1953196356089704
0.1420143424864505
0.20552269729290537
0.18972101264577895
0.1978747676315174
0.14388436764974677
0.11366866305848562
0.22858877720139156
0.22432254577079064
0.2140433705572688
0.17984630209100894
0.22856396379442873
0.21268506177136715
0.15041244797140685
0.15632403958036464
0.16115578824110371
0.201941251606599
0.21307475372719903
0.15075843680951234
0.20506879907986422
0.18341837300433617
0.1732267231624585
0.2146733132552629
0.22801827818379572
0.22024739985976236
0.16831571075379184
0.17783367037168293
0.25713804443842864
0.2808276706785831
0.27575256580436236
0.24897124148953256
0.22883348349378643
0.21721400423122286
0.16210239659607656
0.13010349685233227
0.14468666420534626
0.1346966210363959
0.16604769368423034
0.1815399453786405
0.20548545390373338
0.19190922864885587
0.15593140596396213
0.20474262782420727
0.17194555296138503
0.18154900871833318
0.1959542398874447
0.2360611151915193
0.2570005250089968
0.19621350277189695
0.2087900205627775
0.20074424086136752
0.19705432324323555
0.14824202052270186
0.16640334629608206
0.1642537568838338
0.2512829840863429
0.23289876329105524
0.21411959466678582
0.1970562407345981
0.21242382766503454
0.14391995873451174
0.15069859075173123
0.15301306914725926
0.13062642838073452
0.21534801049448266
0.19929215689397534
0.16976564280034737
0.17764078994685406
0.32355802153603735
0.3003375576529234
0.16002531985096
0.22035850709182483
0.17386674868735855
0.1568565607438535
0.15752618379412392
0.22864031768360243
0.18598396756063693
0.23951598338115426
0.19763370110090794
0.23130132471449674
0.20707498092906412
0.2018657079971961
0.1765142912238888
0.17276932132941322
0.1834661930707663
0.14066410515468025
0.17614427596662652
0.21039895437765943
0.1840748889728647
0.20596602570766828
0.20631700637112033
0.12953097949279208
0.1470836677379379
0.14433495853054007
0.11372155443029323
0.1502189751254577
0.12795547503436605
0.18949375094168763
0.15018474562211684
0.1604577389184767
0.13814639941655957
0.16253495199314724
0.20491262564552226
0.17580353357952846
0.2032540014016063
0.16224559239202055
0.1941565182124115
0.19432302805036566
0.284404634380622
0.3384559439479504
0.46691515882880813
0.2133680231385657
0.2558982031516525
0.15550653620859037
0.18203778714469512
0.26559401875224653
0.3134514902919747
0.3675932997030623
0.21121868936052116
0.06203843099619232
0.09911012527806073
0.14210637180008837
0.23537068004199596
0.2600517315783827
0.1944341238606021
0.36811880958803544
0.297597945246927
0.2467462843120458
0.22605828039221482
0.21435848564362808
0.22319187134287
0.22583958293453116
0.40073663420019534
0.42898704925213527
0.3078362614680938
0.24991841801894638
0.36758456771566056
0.21137902711267484
0.17927800396817983
0.2807462963008427
0.3220038301851231
0.24315097691071164
0.3064901807261635
0.2682136764912956
0.13886901888948053
0.17740395751819704
0.17183641160434157
0.17554879519609481
0.2274792128061258
0.2699169483837158
0.2841575741553669
0.32370690569891664
0.2718728599346092
0.19331358041584873
0.21792078640758467
0.27131677112902597
0.19039472858833295
0.2544686649064795
0.2549786043666621
0.22407939858556644
0.22373545722399663
0.32542025070962355
0.35477671375905234
0.33553157324517097
0.2449579942948842
0.2204307002649461
0.2534520780515107
0.38411357159730086
0.3291253951663218
0.3448353698272601
0.2604704505944145
0.33406108242649646
0.06842386633455445
0.21641913087295625
0.39514373777337053
0.3686966854873236
0.34252067859235197
0.2851061757161354
0.3182590264935549
0.375633863914604
0.4405376634565342
0.3260435815345016
0.25381080981020326
0.37813274961759163
0.272389986684798
0.257149532296947
0.3886008086245933
0.30211918376091046
0.21157391796753985
0.20881849766865435
0.060092739509742144
0.6913173098015332
0.38950428535513226
0.3915055402875176
0.29465992036850697
0.14356762874458143
0.2125564599697932
0.21741643337933778
0.23393121498961908
0.18920455253824175
0.2667753983905543
0.3122106364023752
0.22945044843943363
0.31673239956114707
0.08277279454782663
0.12278954097532843
0.19896882166925006
0.2281041363632357
0.22523692007995297
0.21609944406304574
0.211155259835822
0.20270425607065531
0.19232460968547552
0.2292128179655986
0.1433686385732193
0.19311941122489193
0.14369756037919998
0.13778308953976598
0.2451057204095602
0.2310282500081494
0.32737010731253274
0.29840361775021174
0.2444662901584309
0.28021560300175075
0.21572629627682705
0.27014592511868996
0.20177179861402966
0.2818190377997783
0.29148420331647323
0.2652991134893037
0.2668565689226958
0.28799648086673996
0.08032821619261497
0.32494800887375536
0.2008449527898819
0.3130694618746069
0.1884407841585662
0.2515327014711637
0.2221674694527473
0.1834992025724675
0.2163249103284317
0.16406537135211427
0.09867571387041532
0.14607732980448235
0.13290174779134514
0.17874015795017212
0.2067998127200288
0.17709069737107994
0.1561104999774519
0.20357599609866728
0.18727788573812756
0.1395947538306822
0.182610699798632
0.1330890116183191
0.19263640534075652
0.20574025543155405
0.21109682144816058
0.21669638297137012
0.21477081227008024
0.056022908103921035
0.16411154384963444
0.18172840451143654
0.2671738435275766
0.4666491787297381
0.2615803392407492
0.2566693601611062
0.23419847282417716
0.2751929027579643
0.30762211861870226
0.27705576171110247
0.2932634571153544
0.2547725609628973
0.2102561599180864
0.1858310462968366
0.1958158427838339
0.09981397754084846
0.17688924426100344
0.21878409021254167
0.21896293529433417
0.2260779526271033
0.23573264271724204
0.5536783868781247
0.4520289927587019
0.2512694259663872
0.27982794537908356
0.23332509458611075
0.19806049383093238
0.22709506332130708
0.24831480075535314
0.2572489870798614
0.20644057218760561
0.29954465818868536
0.24920796238292542
0.24095132451189166
0.19651076482581076
0.2070155402579651
0.22387002694163108
0.30527381308499707
0.40169085794779064
0.38437340895691674
0.33713462279351386
0.2676105290488332
0.18116088928180113
0.19553738654365574
0.2542911024122337
0.2372470949396936
0.3224141942573683
0.1800802922806346
0.20337381153731057
0.06539371847235256
0.2840018069925984
0.2577385020296406
0.2795082178756815
0.25370510906305815
0.24856011348568924
0.42918796314526436
0.2789575117371532
0.3342734147566997
0.34256920333334995
0.3075731440206774
0.18397417224959106
0.4656138309447362
0.22391430438779333
0.13759554921583977
0.26360660417456294
0.30405041453904447
0.2985661652677618
0.19325501897367547
0.17252430808870187
0.3179129873660421
0.16279448981038008
0.19916320324764034
0.3826123341775031
0.25741118132875956
0.21734674075874866
0.20065916638067152
0.24146129042802816
0.1847909522260163
0.17855468078757647
0.2307948340998378
0.29115968475782905
0.26468562742098345
0.2831947114172938
0.2721211941957715
0.23311108875039918
0.18614587105734096
0.20172776548717938
0.1863930140538737
0.18158988601975276
0.1896065810169593
0.15801008955358598
0.1601591825881908
0.11835771169288267
0.17206226744644812
0.15914076668722948
0.15872318250451203
0.1928262174294956
0.19868066477431073
0.20925231180566545
0.1902467786064187
0.23676403178507427
0.12825861216877987
0.1895481784560135
0.30466025221214116
0.24310844489203687
0.19865743086730225
0.08834877379378285
0.18892796907952403
0.3275507701139899
0.5302662687291555
0.4375192891866224
0.28585621500700087
0.31633947101753357
0.273520711911081
0.3577557267903594
0.1742111531578692
0.22682285932912663
0.26956042463024454
0.15831905733079749
0.4008944055209987
0.30926027603227146
0.5947063996970009
0.4200767569967597
0.38803266098934813
0.33112559580954937
0.2207102715439095
0.26966385037110124
0.24324243397956108
0.48809870961323265
0.2876043633479087
0.25557437290477125
0.24698399327771006
0.3232450083896551
0.5539154007503264
0.41567432979807845
0.2807506625311494
0.37657852295395683
0.3476451959872574
0.30796177089754667
0.20653924755917863
0.12481731156794293
0.27018542507367727
0.1309686091674099
0.16547698330183908
0.18027694035731165
0.2746242952842442
0.23310739118519447
0.27364291829602466
0.17215559719963752
0.14250953374345637
0.20781962623339428
0.17235714217653691
0.19714455822727878
0.1794266685039283
0.16364954183420732
0.11620849202626085
0.1413275892394514
0.20798725223839334
0.2662547926264597
0.30647249462081855
0.2857196297287589
0.28917071466490196
0.0660771730100947
0.08848697527512436
0.14065450474129274
0.20123115888039034
0.21495172960068987
0.19369516887314772
0.19522974663792386
0.18566614060920564
0.27052321429128157
0.3065221706515231
0.2838753055730665
0.13898245346022756
0.15737587733667513
0.17017972085456934
0.21273566562311788
0.2431610121188062
0.2097248989643473
0.22523144664024186
0.1810001104289527
0.10996044296540147
0.09428081694468823
0.2551381958622133
0.241996777044302
0.11758381949628152
0.11932628576574299
0.12522180711956127
0.19494144987973366
0.2022158553447345
0.20228908097425932
0.20746404685150277
0.17472246354014165
0.12639247731856326
0.22094627560016333
0.23417459303132837
0.20680139698368777
0.18730980068462005
0.16639521119589273
0.14761481408284524
0.15851359572923687
0.21213351938079725
0.1390381657767064
0.15259301637149225
0.24000628297745955
0.24057208751324802
0.31267786905464645
0.29056076288109417
0.2836805130572267
0.20404042317575266
0.15797371903526183
0.14487101252076737
0.1299464371699933
0.16759864538846408
0.14097244896945374
0.08462786200129087
0.1853678427083856
0.33764348728001126
0.39526870010392473
0.3439174225286755
0.19407437626606022
0.17572253286807546
0.166128928858819
0.16700516144319136
0.15703286765185137
0.28357463447097675
0.2503741901351391
0.3130264138290153
0.25646895948711007
0.20967148757862616
0.1408060366718681
0.19984777965298237
0.275018437139441
0.21870096213714738
0.18210500136449193
0.20337872478003732
0.18278346475651597
0.1970974147517986
0.19433929926807852
0.18197111912943376
0.1490971563687216
0.17886760959407777
0.1467252539604656
0.14413407812403692
0.14727329855023125
0.12554187906708217
0.1522496941772355
0.15370694406488572
0.17478258355202406
0.192486479913146
0.16584032964184717
0.1573728299609955
0.19371618467685986
0.19128388925889472
0.17550966119320568
0.11381169329137347
0.12540834374548326
0.15071600912266603
0.15169643936529006
0.13808469866158218
0.11151539578465099
0.10646528993842502
0.14479806922535263
0.11147471477124928
0.11988316394197451
0.09348182072742008
0.14716093038926797
0.14057506529803068
0.1555676143061302
0.1426927509322181
0.2230583703717591
0.2137371622044381
0.14289992161663825
0.20159338856247033
0.2915908899931454
0.23434114066627534
0.18384653117895774
0.24049705011149053
0.14744797395090598
0.19158972864234405
0.4310815798343214
0.3555412207719579
0.34735279393263935
0.3495939149785067
0.24531810774830806
0.25379341906591135
0.28059462522545453
0.19173608468151732
0.16975211835598011
0.11546689355001151
0.12965592595761163
0.20282089287355684
0.13464990790112186
0.10334707722707223
0.1931114943349109
0.1638916811177516
0.15682082053023594
0.18203658238914971
0.2544615166866899
0.15274717289259182
0.16904931270453843
0.19945859268374277
0.17066069477919996
0.15265130139259225
0.11484110666383925
0.10817744881770515
0.20214742552321377
0.20599728653924648
0.2136759601460199
0.17615913738279063
0.1809797980562384
0.17438002549134013
0.14777707558336167
0.13754911645199286
0.10354618133091162
0.21656186736458585
0.2336568787782758
0.2435132896522747
0.2177266695783185
0.1995705012199028
0.19726168153384682
0.1821655093861171
0.17238198226343893
0.10483335526008089
0.12916914351826955
0.13741550177902678
0.18720935901572366
0.15325141629075278
0.1677193723180034
0.16136152067341417
0.1430970106078147
0.1128111529425336
0.12946039187229885
0.17265613021025875
0.1020816503761776
0.1299303031834141
0.11286825122911158
0.09945171506750664
0.09933078533686382
0.07981080327692999
0.07070152091673179
0.060816575537048244
0.047341671248732266
0.07971702296331819
0.07060385602396253
0.08426326968896969
0.09910960714096496
0.13541574392379963
0.1502185972729191
0.08445601994588331
0.062231526681363336
0.17364567809082965
0.21102544315604402
0.1642802923791593
0.22935648616443904
0.2167563899113415
0.1715835718736889
0.14203781007660307
0.1374394569572651
0.11851621424781571
0.12936040833977985
0.140134392409716
0.11337209885306478
0.13191937567982534
0.14135427576454054
0.13522048031809691
0.14686471985246322
0.18147288414949417
0.15005188710839784
0.1671710860062113
0.16625116654217909
0.21512229518130208
0.2146858949474909
0.18492889499145726
0.19490950861473527
0.17646846646561318
0.2064979813411825
0.21842501931695557
0.2862669724092796
0.27162276507132443
0.41002803578498154
0.3016260788288436
0.3802879907468308
0.13197258422767816
0.21278141236085632
0.2065174392071578
0.1624271108392956
0.16153045834128096
0.20660209250001496
0.22884458127468107
0.26432930976573205
0.1633830644413837
0.1034024850497038
0.19664964887452233
0.17286631635645683
0.24394902144135527
0.20134229059417474
0.2149671154306926
0.23586577972058506
0.18234613730136293
0.1865274964063275
0.2162785578170903
0.17851043631126573
0.13850553784416278
0.15514664835898645
0.14453879923418006
0.13997974539717567
0.12732508052476957
0.11080527616349989
0.14506421708677453
0.18675667457569436
0.1548042731565775
0.15300243305895567
0.12570629561498498
0.17954508998051577
0.1760599739224428
0.1944649905345964
0.17103942264230199
0.17189582277831897
0.1406142673134877
0.1589741691676495
0.1897428877974343
0.22015676337565376
0.18658732200918787
0.2094837275674351
0.15494808985822797
0.16569369166740922
0.15412339642593723
0.15355629626618453
0.3233121916768058
0.2236275865826837
0.27931086718640047
0.2455048371285351
0.2341802768647
0.2835668054596533
0.34232429644738177
0.2997244401864665
0.25125953351095315
0.31742989450470016
0.2476174858728644
0.2954883077059344
0.3434741879682465
0.28174931785938406
0.39226411300135683
0.21461249873642782
0.39630195946269114
0.2362522828299176
0.21774141534086003
0.2458299379463963
0.25815503713313587
0.3249781199116887
0.3841976002338014
0.24121285286844357
0.19711272111822153
0.2162710342491224
0.182146269513877
0.1557076558500799
0.1784778516901117
0.26972436123714444
0.2386088071645353
0.24605576461796588
0.26155711195941234
0.1867188787189306
0.27212918781694356
0.462326877298192
0.4020440871668008
0.1254221459532117
0.25273141322460824
0.3576563944914781
0.22922175173414444
0.26438219683664466
0.2658195689616904
0.2299528995117386
0.22649188806996579
0.2827974690921303
0.14375702430430598
0.14889083091124972
0.14817710899149955
0.2338625200225648
0.1929734438297878
0.1731750430796718
0.26482943291805244
0.19960839941858452
0.16680174320380106
0.19168722588816142
0.24795215661764702
0.20637113286352515
0.1912489810393835
0.10858279509914985
0.11730192452812763
0.13111933372234155
0.15796284897295645
0.2183874859194612
0.1532311542043465
0.1959947088297485
0.16901128743557675
0.19949076289976916
0.16722402608648035
0.15686894642510463
0.24145191112053968
0.12991483557979924
0.19369995747034185
0.20707655528503996
0.19583013136162414
0.2125963922427094
0.2055742524120544
0.2336250379775177
0.2707208311717232
0.2701146269271975
0.19381450202462755
0.12505716226597463
0.14883222479361757
0.31301747207185426
0.3415473986795244
0.3197801197645856
0.2587128127684279
0.22770938233164398
0.22633331775560905
0.2403041678697639
0.2359885911592736
0.2231052184428445
0.20541039550108955
0.19432171437777382
0.1955611219460185
0.2229081669286912
0.18431773075806276
0.11929162116327365
0.06688017678438413
0.04689618183802149
0.14345270937798285
0.1327210242850665
0.207767370370322
0.19173394370543803
0.1522807088460874
0.18553627093687414
0.22856790656533404
0.20736375786909525
0.20228230727250088
0.1784085142471253
0.23958050912483153
0.34040759940494875
0.25374822576445855
0.25647443652832896
0.2902522847970581
0.2153238639559467
0.14838679672960353
0.12891184841818476
0.14425619955375737
0.1352944363822379
0.1393700380994717
0.19056312592212166
0.32809266241303836
0.24910009629514762
0.17767091711204097
0.1917798507993362
0.19458254927364957
0.133389951039613
0.2680286833431631
0.3605448721747866
0.44294438744098585
0.25808770153533517
0.1812459032433447
0.23568450436913344
0.189110081291357
0.4105939152913727
0.3029880293901176
0.2437620822249751
0.20319380139514237
0.1625171485382739
0.16837069334811958
0.15695084982409505
0.14051521286079352
0.19415918749721012
0.22020597704869924
0.18606734400396047
0.11174860026335945
0.1823524085155507
0.19615364161016458
0.27512901773028525
0.16125081558189125
0.24969016066052777
0.21751121470175896
0.27667289088845637
0.18790300229015125
0.2051926939645997
0.2844489542439768
0.2339730524357876
0.2674038702994737
0.22849656962575143
0.2452202046671636
0.2661715679665423
0.2695540319070385
0.1888689859795427
0.1679287323088636
0.42997014097637115
0.5563581584312711
0.3174865095235023
0.4288137326991
0.19708976492759828
0.25069636511577076
0.3662707880438769
0.2930922720919462
0.2626377492054757
0.4552502360249211
0.24462089939103104
0.21428427310607567
0.21831203497145368
0.2194132556562438
0.14828829519144654
0.12368049675292861
0.17763167120425916
0.22859104015971965
0.25979719144119434
0.2131190030712461
0.17671030967458196
0.1908291197689424
0.1490936285682821
0.11487742513147525
0.13804325046206628
0.16732950854389209
0.21272685057720184
0.16726658068994574
0.20817292007050303
0.22771107129783213
0.17744053244590957
0.2405021448820639
0.3149902736446096
0.39385920898426796
0.2737375594327882
0.2801844383554124
0.22901102688772057
0.07481186809852873
0.31354383004421255
0.6020349942666623
0.2664231619477233
0.22516867759335535
0.2679134237962322
0.16358467582240263
0.17081148259774098
0.16558628825786828
0.15364865003144845
0.17171076795197113
0.28519841260913664
0.523086633991027
0.32447713336172335
0.3445552893983263
0.1656140202925244
0.16662989532600167
0.30315882459925464
0.16799837061896883
0.119730599331835
0.24543577097199615
0.2067238927994993
0.06956330111262142
0.1685814559267674
0.2112076821763604
0.21352851019628435
0.08569221596881414
0.06430330572818027
0.1746909936708452
0.17975620711797427
0.22713368304965653
0.23682587612502293
0.3356818136274752
0.2573271569957602
0.301791270939298
0.08186880447028945
0.05565112898657012
0.24904989947474915
0.16249598554848693
0.19150174814425303
0.1744232401118867
0.15756508535634062
0.17644652310802383
0.20285554067978676
0.21415810725391093
0.0925412843718547
0.15912641476367553
0.18454455680503629
0.22761002943392197
0.30956943099861767
0.3490858586500075
0.2441627556580165
0.44622445791961446
0.22195532939180476
0.2518407876891384
0.23011092710359862
0.20501906554256716
0.23018331556474664
0.2111389425436422
0.26183577400863917
0.22510208519230762
0.24116762553958543
0.2358587162650684
0.3061733832091763
0.2188664540381699
0.14405902598174733
0.21862415617516956
0.3004766397865467
0.27229149536693303
0.24671797667108716
0.2927616047403736
0.24855754708978062
0.18600687578891784
0.2477226569369908
0.2815766300178106
0.3200634328448576
0.2808231329641803
0.3164609178203986
0.24353849681409317
0.2752043451446834
0.2315417517855362
0.22174792292615036
0.10137758084308425
0.19700471957783405
0.29601388287224456
0.24026941713225136
0.19893950731386717
0.19036909327061233
0.180754839637719
0.19885235067922546
0.19179800952416168
0.08920327467333058
0.17451377650378347
0.12226255232757442
0.13596114772998877
0.2242668015218464
0.20799540012886863
0.1964918927076543
0.2095077811690235
0.12974238419871273
0.1281494018573419
0.1887311687737716
0.1745964473104813
0.1562225326755979
0.14266520363689872
0.17739635389892922
0.09984389178692175
0.10961546627292605
0.16412794643279133
0.1713725518940359
0.2165916699089225
0.180118124914167
0.17627849457487244
0.1736631859707695
0.1723049890407931
0.16011467854890982
0.18342694762723263
0.18127396144388871
0.16122741221308448
0.14369439075300924
0.13760111634250055
0.1635540419882856
0.17241151561315027
0.18583663502032932
0.19184343020688124
0.1748190155453887
0.2015723375897158
0.13743194050443436
0.16597010060819506
0.14488498456860288
0.11768171461296788
0.11697813997166945
0.11294884597868075
0.10994199512717248
0.11340442101525952
0.13434407285252575
0.1618579878561013
0.17255947047729572
0.1154753920618544
0.16619435673769445
0.1397429475707931
0.18541232137723213
0.12533685142153064
0.14199254570883846
0.1528032972943815
0.1657693974459413
0.09508749291502007
0.16753776357631603
0.10938509230092835
0.11036154054115357
0.12649990975905503
0.1154926507237813
0.13588091888413836
0.1398837845129362
0.15237953780918082
0.14760679721721928
0.15434417402658554
0.17577856099162947
0.1627061423047209
0.2118310659498523
0.1813674922147648
0.15386201165339483
0.1589736352671393
0.22222692059336474
0.1823636863359825
0.20968704528821666
0.2800960264173414
0.3255367544176573
0.24417618794110327
0.21373696920749638
0.23115085459168655
0.17323582345572536
0.19878997584314706
0.24252909127481534
0.25126572372246875
0.22026685153871117
0.23757771529917274
0.1949274956157595
0.17039207440454515
0.14245746702411122
0.14447681484111902
0.12821258553248238
0.13594458462801193
0.12626857247156603
0.11946517597778576
0.12487116596211041
0.10617184539739283
0.1288157079800521
0.1284588749650138
0.13479591827857865
0.1511573029507502
0.12299541406498063
0.14916361011734153
0.156515146525278
0.19766435896647053
0.1895462958211177
0.19815774224223806
0.18653593517977354
0.17631037069310207
0.17745157179043522
0.14112235374630638
0.12444288541201565
0.10488155436711138
0.1629584131819231
0.1720137421586356
0.17678311800298702
0.1476816537974287
0.11286908674003819
0.05272246765399672
0.09333266485030553
0.14718518055971722
0.12846110960571966
0.09615316734924548
0.0980660190255184
0.09932825708316988
0.10592759076303379
0.10530888325989227
0.069124203597773
0.15439496251957846
0.16640795114860255
0.14738582643475642
0.13484099865240715
0.12470712248388283
0.1634509757146752
0.19186210349815122
0.16146236291317084
0.16057757710567278
0.1268015070243338
0.13510875776884312
0.2028317517828844
0.20494117917794905
0.18015713883420104
0.16021572076883359
0.1816047093308101
0.14638688075961206
0.1454449995033117
0.17955641640807046
0.16281264749816035
0.12503035664979378
0.20611132841053212
0.17229673671025525
0.14124262102659152
0.13060488835364847
0.12903660109250115
0.17615987775900716
0.1529138294213724
0.16731653808961178
0.14864788608776455
0.2177509460101298
0.25387997715812827
0.2427214140639718
0.2601124452618563
0.22340319847345932
0.25664461253393417
0.24940620193305751
0.20129700585449925
0.27611359896088455
0.26893304296573045
0.25606945211597365
0.27074069498610726
0.2105841493506733
0.1931308285212388
0.25309647153948184
0.28925530763921753
0.1812538240061501
0.11614366007958908
0.16457030271847628
0.17758140121307733
0.2171281008376693
0.1818371159207582
0.21758031678357215
0.26808757453420123
0.18157854877285493
0.21408405601884012
0.22434936059922658
0.1935825203617494
0.2948363481070188
0.2648001681652459
0.3799178291397325
0.3162408598503229
0.2353048844639578
0.15508831503252093
0.23817399478658535
0.3279674254119571
0.3046954763391973
0.2945889198248111
0.24938952609950166
0.22806584632519938
0.22415669459358442
0.22793448068214286
0.1902929636042937
0.23105531994299675
0.193525461179937
0.22314513742421896
0.18207031230220166
0.16280861805861263
0.13329899622840122
0.1474886755978141
0.15609945841309378
0.16779055336358112
0.10725997265834612
0.18488409287863525
0.18875475429402794
0.19387559933482792
0.1616283783744475
0.17443765650593196
0.16148077821220308
0.1480652329795249
0.1644938035871728
0.14460963538763083
0.13053620038980276
0.12310586699068791
0.12279133798198744
0.1340962533564815
0.15001943767660314
0.14832233763562952
0.17679411074604237
0.15259284969184245
0.19375855086904448
0.16927259394198987
0.17177052022715497
0.15750108980369779
0.17449817108631363
0.17844357840593014
0.19630404476688043
0.17379228887586012
0.09315633377845368
0.13894477659755508
0.19514320814257063
0.262972683792468
0.20663650731101021
0.18574388580406145
0.18654118467000694
0.1987205077203847
0.07526260986659812
0.1493407832070057
0.10232309109877967
0.20258786038274731
0.12237103985811511
0.14801437905944956
0.1761534267643658
0.1969972150069108
0.1861694122201648
0.1465204427568199
0.20238489980455074
0.20736877163910689
0.27195428639569763
0.20357338214632162
0.21379211393396352
0.19666256482806171
0.23007435795729655
0.22477335744785784
0.1871626077366005
0.1584810540150126
0.4267502258537876
0.7291202529029067
0.34100916141368115
0.38158457384084976
0.21590610938594246
0.1449427459991702
0.22309455092698635
0.2622202794226928
0.08140633916507227
0.3146252842487294
0.40584087766393795
0.3773414709776809
0.25605106877273315
0.1582846583213265
0.05412420264277559
0.20204242388553123
0.34741953324748437
0.21387316992754843
0.20595501208689795
0.2227076798025407
0.16473815655060597
0.13142383447358694
0.15716797602086724
0.255476939011578
0.38396323204050936
0.2960816684819586
0.33101215203067585
0.43178045359811745
0.22115211916093808
0.2218831420079373
0.1552036697232571
0.21597141612696596
0.379547428904805
0.23348564680727638
0.3287130165838513
0.28775007001832476
0.22247530388399367
0.1667532740012877
0.16553036256501547
0.19929794527025424
0.2703204032714007
0.1832357690410334
0.2140030260451089
0.21554965250645625
0.16469448983451263
0.13055025430274877
0.26066681554041804
0.16875939894287653
0.23446395013062296
0.15389705858222105
0.16929784098769732
0.21862451192216117
0.2151551222608243
0.2915091026418921
0.17453712715038378
0.20085578795127576
0.21892238269478814
0.19221603538273582
0.2107097007644003
0.1795930146345406
0.1891015680536216
0.22679159825465972
0.27863150244510126
0.17192454604378135
0.2044143933905054
0.14804515360851134
0.23564491412892513
0.25633182238021457
0.1642413296709239
0.20453465050645217
0.18006735912478805
0.19286736229423407
0.1682140135212142
0.23540378854753635
0.22304953345120307
0.1622144759961514
0.10401693143358318
0.15253268990480903
0.23590615732842019
0.2656690816617542
0.21995333892438412
0.2247324172702449
0.1807977541932152
0.22529943637290414
0.1886482806948507
0.19116887969144766
0.16790086657834657
0.06793834827216164
0.07150601890973403
0.18478668991208114
0.24075513548325694
0.22257263750265877
0.04730878596203112
0.3292658109384006
0.2759522670874186
0.2192692370730332
0.18470570846230663
0.23222273003714422
0.19610316022291613
0.16020425063652077
0.20938353644919666
0.08996849154123322
0.21722009842900458
0.14836874468836925
0.16749433704495195
0.2598294556081475
0.3228256665041875
0.1747848797329733
0.19781009810410363
0.17948661534948523
0.22872965857970984
0.21258276237178458
0.2932353619127776
0.3230869290251098
0.26874866685787113
0.4207602752845524
0.21367114073830698
0.25414796367255343
0.3451693591412286
0.18052327521002332
0.36296927054321926
0.2763856762918656
0.2584938791830519
0.28883026471139905
0.21244579396497715
0.29306489013994735
0.2874370140552018
0.2656594085669302
0.2489718193882086
0.2533938612636328
0.16607254055756504
0.246182587221969
0.3366815366175943
0.19057814851977284
0.21312461282097506
0.2590992708419182
0.1885418617567451
0.19392291708098533
0.16272515833752632
0.21130449538870277
0.36975427965779667
0.3485712407578649
0.5060882224454977
0.38431019215303935
0.3204406199292801
0.24418038744140574
0.15383393694697342
0.38679086159120657
0.4210919425854519
0.41383762974433536
0.28735953341139886
0.35602396233431893
0.3596720537838419
0.35159359532361234
0.19036464024162703
0.2594274867350872
0.23424120895128048
0.14351963212903163
0.1259740184339734
0.1688272756580958
0.22415890849310477
0.20343080131014257
0.20695597928460352
0.24524397281588775
0.19238199583521887
0.19201209243248327
0.19793484338492384
0.18248103194860776
0.21402801349955622
0.29445873371567194
0.29819013873546873
0.27139687503957377
0.2322558219827088
0.34983501036515086
0.2695713449310887
0.286079861670589
0.44463935628649076
0.2425172821677426
0.2279724860833599
0.19654534324617615
0.20617884588020827
0.11567047487521567
0.17163640059273125
0.12665793378937476
0.24047525891026988
0.2219397906187218
0.14164501268825658
0.11253996989647223
0.19453785986354058
0.1946447143086908
0.212342890053488
0.17726384288559088
0.22255604608272647
0.2453248441710006
0.21530988815673716
0.19750297912019504
0.25177471872261536
0.21280496041185618
0.1692667927521092
0.09597952670970751
0.19497335746006988
0.2095748071778537
0.1820903914819951
0.22231737360716902
0.35650288368641014
0.31794498293857376
0.22375248126414407
0.2085379855885667
0.2050745243082192
0.21920862604338254
0.3129841346124339
0.2802461614847303
0.1777313150840206
0.22098713772887513
0.190020023187295
0.2457951899806417
0.20239751316033844
0.17425060355410843
0.21307041837272678
0.25167651981347816
0.2089584100435361
0.11638513536637528
0.1626663006153392
0.2714454854454582
0.3005610180396105
0.18369095658322662
0.4455854674465837
0.2538384553650748
0.38236087392214685
0.35950363312202577
0.3129592965851614
0.36953764909705145
0.41804003634845954
0.7517519627516885
0.735698695639438
0.3546339962110945
0.18631454885928178
0.18585885270272082
0.2564993409645693
0.23049157344337665
0.1754670163582294
0.21662663083241673
0.06310617709195758
0.11598119116534539
0.16436145405850094
0.2091219206825745
0.2008440143357968
0.20975861351816033
0.20419736673067385
0.21807592552688834
0.24692955549970463
0.19164092325458823
0.3117458455485389
0.24548687332924143
0.302816082976071
0.21214717192578175
0.17645691278991507
0.17444826613479067
0.36944386059279327
0.5380540085115559
0.8362023157750671
0.4875505451288827
0.2298403450427139
0.2581986982619132
0.31821399870776695
0.27224229653729404
0.2107042404676541
0.2691695115095255
0.2359571124617603
0.170879508256431
0.24540462645072225
0.20301148083647574
0.15375300551554583
0.24122477040184873
0.33322106101056076
0.2364863607482003
0.2341937102516552
0.26733224069988887
0.2137481828863022
0.21691260717382335
0.2100329612048038
0.1732638269040536
0.2074612497059468
0.2503557709899294
0.17874973705556582
0.1882658498679332
0.1805083463553881
0.17336876080628447
0.2078934944450938
0.17013294449401845
0.19293050748066554
0.1822578016436731
0.170491119929368
0.25899791358927027
0.24981109059118106
0.3814980065322966
0.3790869859515685
0.3872970171334659
0.3838906773617419
0.3864595447778163
0.22069961856335
0.17551746749214556
0.2538641594939953
0.1645115112909572
0.25404640021591285
0.314491713238664
0.29720906485596593
0.2995263862414252
0.31327419688116764
0.2767317642754837
0.3671639512502183
0.19603937636568686
0.1772682277711063
0.13670901281541387
0.21358243913770564
0.20398031779458062
0.27291191782094226
0.23071096130290086
0.21598025777685498
0.2216367863986022
0.1573565636610012
0.20004412173659114
0.2031446154657956
0.1773678527822679
0.21606079187054106
0.2418305825177155
0.21389885495199595
0.2678410345398918
0.16226535739750794
0.23369125675352717
0.1429489475888751
0.16019623369052718
0.15144898846493124
0.1476843070351911
0.14815390168650877
0.16749952037028093
0.13760705576480342
0.15111225520546218
0.1716776564488861
0.17253964835487243
0.15043346596224447
0.14471939371004344
0.1946925243441569
0.22832585222381813
0.22405984561246547
0.21802806230594568
0.22928009103322833
0.17719056937630837
0.1696664390522887
0.17915718558675817
0.1804366824772732
0.19085215569970898
0.15336660508303163
0.16323035342306655
0.20873134572974292
0.16499794545065807
0.1813722756205198
0.1503277795958377
0.15291285355876796
0.16058162969063938
0.20199709171093144
0.15988061289006616
0.18932834813250993
0.201421381792182
0.15955537946205936
0.11550202152695939
0.15749691430696625
0.1546674182058019
0.17407344068775452
0.18458136372409828
0.20559070615937355
0.19139468280245417
0.212560217034782
0.2865349022241392
0.24093694444332858
0.24116752138339737
0.21732073295280419
0.24978902543134085
0.1989182409881794
0.2529677190344828
0.21390238498775516
0.21955375300071314
0.2571304151851386
0.23849322807454357
0.20333753890989642
0.21691505910269043
0.32422056179279396
0.29334578990555144
0.24958186364277354
0.25273434578419735
0.2667272496178184
0.2672601138671201
0.3124046635887632
0.2779155216450482
0.21414434001525806
0.16635244563352608
0.22981320729137886
0.2635844027643854
0.29966181330115704
0.21400412924440507
0.349329345121821
0.3056739822584879
0.19644348659088992
0.18683835390361916
0.32778304430338573
0.37289643801023253
0.232258804730803
0.30219463055375173
0.18544152913827625
0.2548366564359681
0.23011509842325198
0.3108157077887756
0.2999201774121782
0.20659708642175095
0.11749811794551705
0.13605788298639268
0.3847256250758457
0.3722549450119946
0.3211771740447183
0.33650904599900555
0.4402841699161888
0.39127573471253263
0.7438535046962358
0.21771679711827935
0.24146441830609863
0.1937307518564672
0.3311173088241633
0.33989701882892537
0.18990520830511554
0.19538225694122233
0.26662677592867257
0.21396049293903713
0.12704688306412207
0.1718261120357651
0.2120459105368272
0.2178996796101585
0.41277354737499844
0.3186263702677896
0.3647420336444802
0.13402587135444755
0.1608389657532105
0.19914132154439645
0.18686586846375108
0.1650060900240092
0.1699578953517835
0.2194957517685086
0.2372542490456343
0.21024619448836943
0.21885273917059575
0.18920221016125036
0.24907983524397576
0.3095409183261452
0.2648696236437961
0.31848827855415507
0.2260000186114737
0.2591477021383295
0.12712549578904092
0.2393694104306948
0.1962028091384957
0.34028053675080383
0.1924544362912823
0.22352371020321726
0.2679201507198938
0.3072761394340172
0.225661454460991
0.21859818489544808
0.2504502964784736
0.20210580360149702
0.1706420757102649
0.1822661084663345
0.16540593314804067
0.14352465874624612
0.21676176074958348
0.0911717610195385
0.19918064646707206
0.17274830447152215
0.1584664085267921
0.17611562337646924
0.21880217204972718
0.16687749866448848
0.17651002577506958
0.24569192001831133
0.19319699197531695
0.25646026548075557
0.24436957683024238
0.2043791859806272
0.26182855710249825
0.2857799384664375
0.15198967105175143
0.2477137129575308
0.2969844561251628
0.4190369293798698
0.27771877812033186
0.3314680959624334
0.336517778673868
0.2840879429654009
0.17694705008991207
0.10606910789376643
0.1427912682811073
0.1614535816662686
0.3491184213269875
0.2505071434536478
0.2216645303098034
0.18329895625954964
0.20893774044052446
0.2112881764592077
0.19892067542906688
0.23477715909934174
0.24609804361477725
0.22459831009252057
0.2510787005843016
0.2922323495293607
0.19687782012628116
0.18868255069465226
0.2788641834106165
0.29977597390168453
0.18696734576493693
0.1222120613530418
0.15196316881725264
0.17047836991960605
0.2174644483328017
0.3410467165257644
0.239651767555488
0.1720203349380886
0.26667716633143096
0.24171997577129106
0.2567901665676839
0.21287002374616817
0.1991096992034368
0.18112893445019976
0.1735973057941194
0.22979602279850542
0.27553931574019536
0.2960737157957101
0.2609864883571132
0.3308435796160798
0.40882046913502934
0.28864461389847773
0.4895734023133898
0.2709057119726764
0.1551060231264297
0.2542968788194382
0.2602399392579544
0.32672586087021804
0.22461871115285503
0.18830854519151513
0.16315571487610686
0.25748072360156704
0.27085347262219966
0.2207735221066047
0.18136292019857614
0.23090784590246474
0.24413066183439344
0.3381976719953553
0.19261946711474012
0.1712495145788821
0.14048291153554152
0.11585405386740026
0.1693170444225294
0.20051251894981298
0.23100103772766345
0.20693066067788807
0.17257283363870432
0.15898347443019012
0.2122752162926133
0.16981416561439838
0.1715433495698559
0.21981846485367273
0.2089825751645323
0.19381020307993774
0.19041633086904733
0.17302555058726782
0.1812604443628457
0.19919906111856822
0.17968568176806798
0.23165049814241107
0.2329592731422831
0.19465385232746024
0.19075862846322972
0.20873540682434805
0.20657775134851178
0.23779812285108995
0.3099326314441217
0.23023796001148997
0.19349885265631298
0.21657108598352526
0.13487965366204918
0.17635275266401496
0.16305794295213735
0.16173018054133137
0.16776419208705148
0.17873724043496358
0.15435898677415574
0.15655470403050886
0.15492936760787893
0.15776136148169412
0.14847696007281286
0.1412885496339917
0.14394560651298483
0.15980298033746587
0.20368646133412804
0.14172718974172058
0.12677509125164768
0.1729050299714583
0.14894349569895665
0.11056443277391385
0.13706380071792698
0.13076560089109798
0.14165010950239604
0.16081066074739303
0.1626909939167485
0.13499768540036403
0.17873549965721566
0.1706756963007498
0.14980699294615152
0.14563570678982765
0.1454343742069369
0.14497712533992618
0.16093318155418937
0.12625936331275353
0.190025827943988
0.21027157327358717
0.17113874658644687
0.20856162362654543
0.2559619486857885
0.2666046563861041
0.16501112733440268
0.22125956900178892
0.18517474675139503
0.19192002397343233
0.23868966571500144
0.24781458035043943
0.24677488539669035
0.18792534458645913
0.2148194412968573
0.09531411940686335
0.12362802247671323
0.18001133678962214
0.18662510939257326
0.14335603518991855
0.10590718151422394
0.1052083561750557
0.1829431577035299
0.09211855951116872
0.15024072840357908
0.12958583896103773
0.1227920281915786
0.1377886363602709
0.12324480529178464
0.09317349687196567
0.10940659966133899
0.06590972519372562
0.09754102744601713
0.1603107133055824
0.16137366395230626
0.1481112170280382
0.1365730120895654
0.13380588615069142
0.11597845884160644
0.1191683749804319
0.1365191830031134
0.1368842446999363
0.19713963774571996
0.21928314466649593
0.23374883269662589
0.20243630227233186
0.16879202339064256
0.09673387954479327
0.11803297845000618
0.048728979645522884
0.06009080286774504
0.1850082102042993
0.15942783072208055
0.15454684298734378
0.21102263432692114
0.2193204455161576
0.15846725060330996
0.17896801851290584
0.10102634413579512
0.24362255976137234
0.23792390131347707
0.24401066390191425
0.2060883322655883
0.09829222769434762
0.18795042588664673
0.19824050902339094
0.21437526783410404
0.1708936145070371
0.12516483850613397
0.26565525118598093
0.2569772374354057
0.26489847093281305
0.27897044853906583
0.1941930376392103
0.1392894194456722
0.19341290749024836
0.1838754823725256
0.2051529165985803
0.18147067035886397
0.16944558686067623
0.2158753940305963
0.29455378446156644
0.21994380328493235
0.19412709271708425
0.15893930429552328
0.18404533923750208
0.18032742506547017
0.20086953619129067
0.2080343572973823
0.1978189158861168
0.20815268214313154
0.1723811594077821
0.14259699332186934
0.12460543194480429
0.12620562211626105
0.1286343702453557
0.13164235821724615
0.15969996138831577
0.1483503374119703
0.20006733144094033
0.19656123702902134
0.18041088500587008
0.18889880478359233
0.1921980562321328
0.20821167196698437
0.07929251473377866
0.2108828022492006
0.26566927361145604
0.21753042442260623
0.1357914477535686
0.08942884115245542
0.0777296622240882
0.09700042759826426
0.08994384179199935
0.0870412733485717
0.17228153477366526
0.23065268242398698
0.17878386374571836
0.13548143420894485
0.21104637345157598
0.3299190313389052
0.2765719767372601
0.32573427836753605
0.35584338454114706
0.33536571289030265
0.2270841220708565
0.16725212823049065
0.14883401001544802
0.07124072761972033
0.17315741903774146
0.1521069256928442
0.15788509080329508
0.19953298479875012
0.171743931503044
0.18501717394768039
0.24211040257010275
0.16968359823236448
0.15221276400679737
0.1262912198587199
0.10178986078801366
0.1519488872673288
0.083008562575676
0.192333643665492
0.15261948406581338
0.11704814638006193
0.11326765403482444
0.18424398007787818
0.12951946476675863
0.11694427664605486
0.14302328955649352
0.14012295669095182
0.1692396896902623
0.18429096770252373
0.1273172058191445
0.1658911009657285
0.18387731814285305
0.1974972414601118
0.19071176707687965
0.10472079254238122
0.205534561167553
0.28826312915249785
0.11427514048331396
0.24553421903231987
0.08899366049863473
0.20594638240984536
0.21945142794379952
0.26765463770476483
0.18217287343409405
0.16521555789694323
0.10582843934511549
0.10333490027780776
0.09026945698789918
0.09344703139176826
0.1316298431046195
0.16957346462854295
0.30288566104594833
0.294787358687003
0.11112843053544456
0.0961884000754059
0.11531378287585599
0.16280601058573285
0.13293715052500374
0.16306662639647374
0.25253138211870446
0.22353890742263244
0.1927542165911677
0.1239385109036374
0.13876073488724638
0.11897907246171371
0.13550198648096132
0.08096012730498431
0.09511932670340364
0.08282524555531942
0.08344115029310768
0.07063596519913379
0.07577795627679051
0.10949268589289014
0.12660162828995586
0.11714355655610728
0.0807904877439246
0.1417736351089001
0.14841989380757448
0.13597512390808433
0.10668206803594729
0.12581763266190327
0.13279667097844416
0.12731126830362355
0.10967030435034675
0.12287325455186868
0.09158600731022365
0.0942955510359574
0.10181015800142712
0.05158615864124937
0.05103252598341098
0.11206135418859843
0.1647259268262873
0.14236399786128767
0.1678665824360946
0.14945154819955822
0.0707935820260161
0.06927547171400343
0.06815000885004324
0.06297279938218664
0.05747140961609844
0.06813195858037788
0.05315476634026403
0.0605480125376037
0.053311046415744676
0.047419313863575584
0.0353550163910703
0.03957625582914826
0.04057289173727462
0.04018542321409735
0.04592708085558869
0.04651138287166537
0.0521345135553531
0.08056829461373347
0.06510800666434141
0.040981079856619064
0.03704906413766915
0.03852398199169727
0.03545221242747561
0.04402649373919598
0.043568446869852354
0.039287609716682784
0.0517667642005512
0.03690996017009711
0.04837736657242968
0.05030750063534387
0.04438183788992758
0.06364885105174298
0.10253326739457379
0.1206981890300585
0.06587813061478748
0.06321079000169896
0.06220413421494611
0.07453217750810076
0.04420371760749162
0.0628134625614696
0.0840433129956297
0.14733645647931987
0.18944216420007673
0.20602886761779005
0.1791728807934645
0.1695720532455044
0.1694675518359334
0.19754280279438544
0.16369747865597375
0.17200550560654684
0.11652259972444047
0.12347803785121049
0.12797439216362005
0.18033261458778288
0.1850116481162346
0.17043402239357208
0.1627578111497782
0.17976055817463735
0.1700456769153361
0.16260174554291257
0.15996949520479048
0.14151527382805557
0.1712007540543229
0.25148933019050324
0.1969594565928062
0.15429404067194985
0.16776858672194328
0.2562226095237596
0.32824643122936525
0.4056701754613615
0.26002134313635916
0.42449998210951695
0.2567868933534887
0.2789428315284176
0.26262115796917945
0.2641725756629727
0.25051505210861574
0.24939499864712245
0.23646484791192235
0.3173282824027901
0.2723395454144879
0.17297754335272714
0.19062279667470589
0.11201494031850286
0.18969231673835296
0.20070048418603614
0.2501650903887339
0.24631911891258584
0.20762627980749362
0.19366558212884466
0.21242460237121216
0.27680454304953245
0.1886341996240637
0.13863582628236337
0.23058326960875397
0.26298893827487524
0.21584438991086793
0.23516755928933583
0.2611729014350348
0.2006436349846179
0.23275369150525044
0.17900670529848114
0.1240095532714238
0.13059112068742085
0.11960296100156587
0.1442870995436989
0.14953438630782748
0.16422866289624474
0.19353110559492137
0.20178385758646017
0.18867638419124397
0.17261008256375443
0.21667924482359968
0.16921466087353237
0.15573238045594812
0.13687977010665622
0.13319043592342866
0.08283061447513665
0.13512572380034074
0.1636290313502499
0.11065446675356436
0.08541731491034185
0.08671384948362687
0.06260985371429957
0.059459862495641794
0.06284326868560204
0.06322001722356953
0.051035985001009455
0.056313689439058096
0.0619955013338355
0.05896053909601788
0.05616432467780305
0.04717935084992156
0.052679394106790914
0.05803545147160393
0.07020675722012933
0.05838669658001045
0.05050456594463896
0.062466700736704406
0.08062533154189586
0.083997449358274
0.08842186182249383
0.05884693238998064
0.0656044965545053
0.06416935857070037
0.09210771105574599
0.10038588365996501
0.052553591733992946
0.12770410320318817
0.11322542664449774
0.15336110229945485
0.06348255005976715
0.15394421223146584
0.22147030779677482
0.16107018257925726
0.14610374955546412
0.14651489273788781
0.209981300763092
0.2182219434819115
0.19162649321417582
0.30910792334016657
0.2818013014722764
0.2396840114390765
0.08871316828269699
0.22488456907082946
0.4332895991707154
0.23088626673282608
0.21990316312562258
0.23791596278807675
0.3057366798503983
0.2364162235941924
0.2713313247365449
0.3551288561736374
0.5877113487778879
0.46530302210465035
0.589314736005879
0.34897685837617803
0.2424603521197075
0.2825653913168276
0.33931194884032134
0.40290997239639287
0.23051075981630403
0.1863865791954396
0.08362672557578651
0.0873690573939218
0.20016899759505657
0.30346075440835474
0.2476405560241783
0.2872696982174303
0.32069878176085187
0.17322533374811788
0.2003393796086964
0.15503654177857684
0.19406330119264886
0.1479971274481483
0.16005536031030845
0.13637125516702897
0.1284756879516873
0.12215129698276884
0.07169651595415655
0.11298414513325093
0.11484621379246585
0.11992449508701761
0.11866002339723006
0.1080726537962883
0.12683616042236528
0.14460347636210907
0.15051657901201917
0.15567156912732305
0.1613784944486437
0.16890231409344622
0.1698240278531466
0.2424422351004018
0.18538607252450603
0.20592619921376368
0.1852118835940781
0.1582927932936272
0.1625138833029503
0.16460471670044102
0.17720010625855637
0.20026442689412322
0.2261262211586321
0.18601278716137712
0.2001356447500867
0.24478627168915482
0.22000227896906233
0.23719354188963435
0.327303351238321
0.21617212941186342
0.2071181303739933
0.21825248709974157
0.24484270625316995
0.2913805064651992
0.2124471353655087
0.1912482852355798
0.11058448930482655
0.13442515262956325
0.16550440056643642
0.23800208756312088
0.2544158261896134
0.23412269883705197
0.13056006379008983
0.1363812487076712
0.1223763200441832
0.14371424705351585
0.20125887120536023
0.2175383880413126
0.18935542725702761
0.17295795529782088
0.16046148566822374
0.1478477431012811
0.25801145322034125
0.31796171105402476
0.2815340788478338
0.299281744466038
0.13606817299054763
0.22407193521054442
0.1931060267591113
0.22146108889446214
0.10896455443697435
0.27984538747308285
0.20192464563746776
0.2875680492509635
0.19157096364563697
0.21341018272512155
0.1751518484904317
0.17949290512187546
0.21979737197714078
0.2786063758701219
0.38915722369243977
0.2523857721035829
0.24495112114663015
0.24131162030469583
0.2497773303616688
0.3551900415171195
0.324684396369509
0.24881368072722992
0.30204369114521346
0.16803330981236672
0.1718999224635672
0.20901341930073142
0.3898401943027126
0.31829320283949203
0.3380424648909791
0.2417677656201473
0.15774994576364043
0.225429686720492
0.2322985481652707
0.2038061365830025
0.20237380250459155
0.133162025958854
0.16257620305938217
0.19129447052482967
0.20405680932944328
0.0745518628754571
0.23568919381479475
0.1996782198986484
0.20911138872846102
0.28167268995568573
0.20906314576411755
0.204412629007849
0.3392187974048575
0.5587537679052792
0.23526612078741224
0.5064331674423062
0.7251702025435246
0.36879363049347186
0.3117965282295323
0.23636638905636181
0.299690767815647
0.43487755046458765
0.28234723548318313
0.37210668705972727
0.4684665881020131
0.2691603803697374
0.19064175973400127
0.29078644312391033
0.381652278332096
0.4333815364376094
0.3639724783627714
0.31038690112316675
0.2871729842740213
0.32462745220577244
0.25957381427782455
0.16206721218537015
0.24019745958126534
0.22534956400277503
0.2388293015788176
0.21324390644806152
0.2226074202868889
0.13586798221828258
0.1279680612035768
0.10196389482451113
0.10721699003570712
0.1528990113188296
0.21280047666232818
0.2012112920602721
0.2098694618206742
0.102356007231798
0.14497298398740396
0.2533181665813581
0.22906107921914848
0.2027088057992689
0.21104306554645713
0.18592886189425117
0.18851034571406078
0.1650763669581153
0.18441103919134644
0.1625725770704828
0.15939114375488547
0.16993772706260132
0.15479553061864365
0.15224977992591227
0.14722488903640923
0.13931458104854894
0.13789759201331203
0.12928657524779824
0.1289549602402067
0.10631674576820123
0.12823413316459037
0.14194933245908398
0.13331711682414352
0.15065223819295298
0.1723309249708344
0.18674893290750036
0.2014073480943217
0.18228380660835747
0.1743231271418864
0.19462385246364988
0.18274741043662915
0.20455533152991728
0.18454672834063365
0.21766684187580077
0.1944640854287369
0.1448751204370854
0.2258487602484296
0.23734738018221704
0.16821579693311056
0.20093101750514805
0.17770611568900005
0.14797030428355634
0.15216833968097404
0.14214921670549208
0.2004644595616169
0.19263348925383486
0.20462581584238163
0.18273530367194407
0.1550450419223632
0.17071482277213498
0.19093530697515426
0.3448446805649381
0.19463360081016895
0.18345286040557054
0.19277762943955346
0.24218606284855776
0.15592468149587843
0.20449519886155995
0.40977264894033005
0.2565251724363464
0.13184246404214656
0.3670726560503932
0.2968886768521032
0.14908784835607686
0.16729127817329142
0.23752644722183341
0.20934416096418101
0.27511460043395086
0.2828095736579504
0.5371307022554918
0.34999723114204795
0.26322132865431264
0.19972884606091354
0.18813874333037292
0.10141412639321594
0.24744248556871523
0.3209886803500268
0.4324492755889673
0.5469209136176035
0.7368687296242771
0.37459259310509174
0.2004171605083977
0.2367511155423898
0.8197042966283445
0.33146307278139575
0.46440029929559856
0.43121834910086065
0.21130986220246623
0.2484967893750893
0.324030168461882
0.23314878840528516
0.29055431333385384
0.29387548552655823
0.2580447294698799
0.23873653402625794
0.18540478177098443
0.2250112461602021
0.15950354795477034
0.2539486157481072
0.2746642439275923
0.2583029018308789
0.2792382726394775
0.3133963587271897
0.24444774610832182
0.2270818446215056
0.29050997184316846
0.2291551712618332
0.20804058385556815
0.4349329823151066
0.2326728069792545
0.06098201397815022
0.3173121012161999
0.2614252767088354
0.47617161693211146
0.3808174780595266
0.36994844842926244
0.3293424847631518
0.3225047296710828
0.19305321319470808
0.22353212200926786
0.33859370183075066
0.2777235848727402
0.2856127526517432
0.15173122860892838
0.1921165772148885
0.20351092065057394
0.20542898904781842
0.2042661403497261
0.13430245263462257
0.1537310859271329
0.1686552530392089
0.18188722645251004
0.14931280122571808
0.13636525557832155
0.2379390758348231
0.14239847800608862
0.16319273175693214
0.22195264422823416
0.25543081680265217
0.25006243367999226
0.17527286342745496
0.19770572874727288
0.19627514379135313
0.14709113549602673
0.19658153203631656
0.32878490949968636
0.24157550727364124
0.21243013139681852
0.1941853336140709
0.1320895517854437
0.2507563377453936
0.28618784006590486
0.33156024293235703
0.32064262714222547
0.21655608177568475
0.21074283666959587
0.09897261205223289
0.21489325024752937
0.2291677406164232
0.21163605915331227
0.292020953644411
0.2562603721614266
0.2120094060473945
0.17046856201121027
0.16517543452810254
0.12488431443861744
0.13110648690725352
0.3646857090224558
0.46699533696928613
0.4050165282709247
0.4135692499855403
0.3840277005538428
0.2814280638329791
0.2355650455102292
0.26175633130993226
0.35131325962082044
0.23164125799272842
0.22439378748229838
0.32050109262940607
0.18019630867310846
0.4098845239178327
0.6550988669780046
0.31418117689490116
0.06414702173022588
0.16332926466274725
0.21278669021215427
0.17760654170419743
0.2708771772452682
0.1304702392103542
0.254116811838145
0.28806265501416173
0.37006680576004797
0.22806958085625115
0.14584970712077197
0.17970526590692631
0.2213383615268777
0.22562255307899223
0.30162169939729644
0.22175232671678125
0.2561799520750327
0.19482331655885823
0.2623101899669761
0.2221430909480585
0.238267483620595
0.2887119788410008
0.26883262912198663
0.3438944997686575
0.2201303705104647
0.28007304110835973
0.20080309087582787
0.330444496247487
0.2949276996724066
0.31021296068086324
0.27515280972995915
0.20568866032761357
0.16417057133291263
0.21028577398555837
0.25400569022009034
0.18832205285413006
0.1950883470461618
0.2782317485291328
0.23949388379550562
0.2569358447028709
0.20498988247361297
0.2123170398448575
0.1671812356861152
0.15311793515037497
0.13400118722742688
0.15341860267192403
0.15642600863819842
0.1266885780467033
0.15196144106221587
0.15223614396313812
0.1787153224130735
0.16803023716047216
0.1837395574946217
0.19106245089763887
0.15256395749191454
0.15461969135422285
0.24268704901073757
0.13925397472762122
0.2125712845180071
0.19062060217424845
0.1820371143362981
0.21475468034036768
0.18901723798490638
0.17889680086577303
0.18609500738329998
0.21559858045427263
0.16419182414335168
0.19892888246521953
0.23343306371458997
0.2641854339744899
0.285688887433925
0.30235184604538684
0.3648308222152266
0.3115761280702814
0.331347175122787
0.3650951891537115
0.42201374259009555
0.11450281553587549
0.23262319182717767
0.4083019632734177
0.2714949991274736
0.1873299549946715
0.19440142423817794
0.3021498724103312
0.2222837510918818
0.1533816099904701
0.19284401442886123
0.27825309122707553
0.2376219568357773
0.2653776212430424
0.3055272957724377
0.2841234253544895
0.16804793253960196
0.2386905175213039
0.2965215476924115
0.2513790850732561
0.30212787938434993
0.2625147917609274
0.24166160443363105
0.1916351540452832
0.29674219997879814
0.2879160431867615
0.2363252231395766
0.21779650260118896
0.18636611979512033
0.2516435018060393
0.2371371886774244
0.281722946112135
0.06307152410666629
0.21229652352803635
0.1944484082878097
0.17164342128256468
0.19855969695985937
0.23695647076125606
0.22582938385405987
0.15962142569275778
0.17390124057944362
0.2336577811943402
0.2910548823685088
0.14554709312246883
0.26883945813891746
0.2638088823072035
0.20621388155466544
0.20410656603092375
0.144500867051864
0.15133365441148938
0.20563377944396002
0.2078007688696435
0.23602908058750124
0.21696623113576388
0.20558567755397383
0.1795138988434413
0.1794810535966268
0.15750621715120366
0.15960037470265118
0.1488216706071418
0.12096673679688587
0.203464505651638
0.18766508638208423
0.1395389808520422
0.26185996622057706
0.2566784833123328
0.2690313471938767
0.23566980627785653
0.17524773724733148
0.14720569818957335
0.12525859090677358
0.16150125074669433
0.23782124957570583
0.3447416866028364
0.21552412699430634
0.17935293336909516
0.5364945460039947
0.48529994723235453
0.40496489191808466
0.4591676533562613
0.24817049005605582
0.11596971432046288
0.24422580236220293
0.2356664398115246
0.15430570063224333
0.4156189321545163
0.31681266437079647
0.2927584854069195
0.2096583024493703
0.20923372381279304
0.15494094357703483
0.1806572530139193
0.17271452045736332
0.20955657030748243
0.20524209087474007
0.24060334210518608
0.24740637767149853
0.23588894298323637
0.2555782732647361
0.2125658872050356
0.3092204048615374
0.22890504098030567
0.2029616639629254
0.22385578604747663
0.1964197869037196
0.16488714916505154
0.22069051191758202
0.2480808823083948
0.2644089910803633
0.22068410714367961
0.23958713060630685
0.2625841873629941
0.254725397239388
0.20699867127465432
0.18976753260823498
0.21527527685521106
0.21697346791556343
0.21221002718547813
0.22608411194346265
0.19341720462711268
0.20236185664450657
0.1677853510744384
0.26816286776377146
0.28053162365252887
0.2909083396204855
0.3638078761095362
0.3680764181346092
0.22325570388000168
0.24157018049054008
0.2557230444113914
0.3739682544313536
0.42008359570719905
0.27506473007169496
0.15991581735251992
0.24981758971639476
0.14419930609531795
0.13214585692993128
0.09892840086409922
0.12601721870054752
0.14703959653015186
0.20965225150181807
0.18720214399018653
0.22244307464766594
0.2718497649935847
0.1735093098971312
0.17619568830277832
0.17501021241063106
0.16286215502049242
0.18949562007706844
0.2064676066473625
0.20597068554855494
0.21305889515853232
0.21709754574940682
0.17716792754780503
0.14073790441402703
0.17368728660555138
0.23185876166060937
0.22132166029941616
0.2779460522961548
0.22863561931644621
0.2683684658913752
0.27234770008536524
0.18503858910220825
0.19370537860723666
0.2042599135958508
0.20302172791074272
0.17831991818717027
0.20446055541852595
0.1889748840941589
0.19933043989678778
0.17791162710027345
0.1600866086198301
0.20127430355266862
0.18768512375143165
0.13850796547482028
0.16736209248423628
0.15702563881911336
0.15860188929478208
0.14559721564799738
0.1533612986207642
0.12296060235881633
0.17415576132545987
0.23144316380644298
0.2029815472633431
0.2297844948715119
0.23122249371537382
0.1882584597788352
0.1237665198278373
0.12839149204253983
0.12150579069168908
0.16256715711973022
0.20540133041364605
0.23183261149790574
0.3962531279025204
0.16062139362740785
0.20611466104303047
0.1807316601253608
0.1534897324397439
0.1877226667329432
0.15234903397101981
0.1768488455783412
0.2678278389733559
0.2306556858202525
0.24435791034717963
0.12685186465553935
0.2046004394899287
0.21482283883077358
0.19698490763534368
0.19802810419409222
0.15926727446826464
0.13913066630307108
0.1377080048562689
0.16922437707015767
0.16080831116531943
0.17328093635623765
0.15954134793705907
0.20236496178971586
0.1921382674227583
0.2037356142032193
0.22303980280080862
0.15169551585117946
0.15778289466631837
0.1697549868448636
0.2061464281108798
0.2152493138316314
0.19752791132898317
0.23410846807149466
0.16516001860473448
0.1796960089612115
0.18009967855262304
0.1734625997367367
0.17987643789919594
0.20696213888750564
0.19722692466159505
0.1946304758417959
0.12974332556074286
0.15094367238862774
0.16651428468449064
0.1694168776100264
0.1972406046672586
0.18228777490337325
0.2162466390362
0.14025587761292294
0.13605012215915124
0.1673834062024062
0.15253445637435842
0.14638420581867484
0.18266685228047153
0.18931173978322818
0.18714625605622454
0.16629008832647707
0.23441692204557774
0.2086656266895684
0.16561193610243802
0.20430116072576593
0.18135445304895786
0.15111767727895864
0.2253411651091681
0.25980102572037483
0.214857773553827
0.1949936389952675
0.28587531603278865
0.2617133335236023
0.27941957078319246
0.18556823974164832
0.1565101683400805
0.20556425023821842
0.21629340436713357
0.1862219985147911
0.192051346293182
0.18441276463036965
0.16091995919678093
0.16481537651651423
0.18930221963002844
0.20546594659225165
0.1931325977022865
0.18897805826181252
0.18098694602193638
0.1156706385096429
0.10067436202671534
0.11663754743587193
0.13828965073428595
0.13120940986179278
0.15084769178610782
0.16561013064860616
0.16199515255700978
0.19681813783328744
0.1872237487350403
0.1815374212194689
0.19746737599065617
0.17325227145005692
0.13445573075782247
0.1681917811204926
0.19910767585668798
0.17454289823807922
0.13625411530972423
0.07698313465763917
0.16520208698598024
0.19485802959746806
0.15511678095796577
0.16408506951810972
0.11971000999185363
0.18000477854447075
0.1538175188776591
0.15208375137450508
0.14386456395159014
0.13141645658612305
0.16413317759438412
0.21275157003315157
0.23878257396735753
0.27280104751813167
0.26852199616857286
0.22164968529009726
0.17177292905769295
0.18693832180446904
0.27627102064871556
0.4234627162975266
0.3733968981926135
0.36329511529909686
0.18049123552278148
0.1930058581888448
0.12877442171280878
0.10971353239466954
0.31887981913319485
0.4311302178230155
0.3114843965069479
0.3289199840876696
0.25261879592561987
0.6965287452289317
0.11034338324641745
0.06643428900014808
0.253768954230645
0.2284216005278032
0.1920076477062912
0.17726276212144762
0.14868841392005772
0.1224669673668109
0.18176068662668093
0.14071164326038837
0.29647163561415407
0.23381973261218994
0.2385767675651925
0.17553157885631832
0.1294286560435459
0.6009734190676578
0.35488436416622904
0.2931860745721697
0.3297579008068832
0.38051317176543775
0.29400923064378987
0.22087857808508046
0.21077104006815045
0.19642937610526046
0.27314365741211866
0.25838660454429185
0.22686360135171818
0.20040857075771917
0.30766577997191813
0.35222747852494257
0.38153164266762724
0.3081953357668612
0.2311094648195657
0.1756251865964582
0.4550763077314807
0.5149101398140277
0.23117160901423575
0.31054626434581184
0.3242546593597422
0.40523499613761826
0.4844744567284801
0.3493436342888473
0.24489483282825192
0.24318128170684375
0.1336426995206887
0.2670579286810262
0.2580136610854318
0.38644844399365513
0.28150836532322304
0.284669329626947
0.19723596703469543
0.16514266334272296
0.18929697519157948
0.246791456464881
0.24261767718302452
0.24914742097060089
0.21515867988722945
0.2195248959663621
0.2302411321501145
0.20835851171006475
0.1584183172869827
0.16220737328132936
0.11717638283972769
0.09799489358885412
0.0888702545899953
0.09723350560719436
0.10120019298877728
0.09782368943347512
0.10559882294908536
0.2072960450228939
0.30316832408684324
0.256376562803931
0.21174901177103544
0.21787620095117727
0.28987602882753255
0.3123325468608553
0.20928917043820822
0.1279241333829566
0.15509529598615063
0.14606738317394244
0.11734512895844532
0.28685848457045365
0.3335235490916386
0.5918040675310239
0.2683718638955176
0.36083640688586427
0.44184113996959895
0.36703038634917384
0.20474126015380265
0.2811882716292038
0.4071862129022937
0.2778880632259471
0.17903802467826846
0.20137624628151998
0.15418045403941824
0.14003514795868666
0.1769842036421568
0.20734394875918558
0.20971774565082635
0.22695983449957205
0.17222183224922827
0.16618714765664563
0.21445282782559974
0.09518467243080925
0.2138627068621799
0.21876885520339265
0.18379701392754108
0.1655400773784364
0.1617454867653984
0.16201630743390752
0.21906091271883538
0.2472655088652057
0.26202820013882083
0.40801306756679023
0.4684072046577549
0.4514187321126628
0.3691693016872869
0.171026516207891
0.20100582202137818
0.18829591143637459
0.1660327214199875
0.09393439633572259
0.17140805915976812
0.1808473316130493
0.16219129196082116
0.1807755758644002
0.16991206589844388
0.19448360567764617
0.1661862911988183
0.10231423556980779
0.11318483515485347
0.15942080031383352
0.1715925675635062
0.1791382664451378
0.1613320928318419
0.08123665196444216
0.05880487496230071
0.17826651803330443
0.1698870671441155
0.1953125661053358
0.22652715306759738
0.17937738744691067
0.16958988132959368
0.27881995353723477
0.2784370205571401
0.30932905716640774
0.28958428376539563
0.23663564085459649
0.2918776729452151
0.323114530602286
0.33550959672877095
0.26992650415966113
0.26319980403970744
0.3057783944493848
0.17595435379338406
0.20638306374629056
0.23391181439671394
0.11130289848810661
0.29220972708220044
0.33376321872794773
0.1956701613093607
0.23585792046649104
0.1528335822109806
0.20296899856514755
0.23876217162816288
0.253312101055751
0.37788017742918867
0.3089342239860537
0.22260003361252673
0.3345168064595023
0.39909992682955125
0.3809495991776007
0.2634044855887217
0.23042896135219004
0.3155286077922662
0.1742544881652462
0.27398903697262394
0.2605641958961108
0.31522626565141904
0.1801610517008444
0.2217039294515958
0.2518433471812961
0.22037555808525688
0.23730590376337557
0.1721510296682475
0.2623774048061197
0.23619145999577051
0.17325666044478638
0.22567017186235622
0.18384925635902943
0.1900686247779995
0.21716991179178458
0.18487329528485782
0.17606315079467888
0.15140622326758485
0.1846202495382619
0.18848572366828753
0.20997533625855594
0.16585623510903216
0.17703156211958967
0.15824158438736566
0.15823433639078352
0.23918045156721976
0.25826280015059294
0.28726670775399643
0.2930124078817005
0.30292231508069933
0.23886137986168857
0.1875512718515492
0.155119715478751
0.18875526311981616
0.20549633415109456
0.19001150317694676
0.16243951047480218
0.15189378320880698
0.16035980489068954
0.1753987934908822
0.17362121292740815
0.14816746619561058
0.11540449164646736
0.07929816411056231
0.1275123920059308
0.15191418050522773
0.1138108942260131
0.16088340156258024
0.17478235352114196
0.25101999490516963
0.30485793427308716
0.23353613245393742
0.20567553752354092
0.23168894375829976
0.18183064942042781
0.17638681476206935
0.27369801056838117
0.2425468334810077
0.24599489723361012
0.08309524569443567
0.08784401226395322
0.1689266223931285
0.2516237888356152
0.22720490383482578
0.2336696203184257
0.20547695961596862
0.146283113117807
0.17023188822756766
0.21067839317666537
0.21047700814539952
0.22196837100556746
0.21286870026411506
0.08316440351461506
0.18819469738955893
0.21789833050852325
0.17491570674184
0.18851008357404742
0.1898601264729197
0.17238607747416257
0.18713359112578656
0.22838435011365726
0.13489200158793227
0.22715419135591045
0.26138432542181617
0.3024723151289339
0.257525297336481
0.1741346997144815
0.20286149972301942
0.2216848693922643
0.2186396674431958
0.28798748160047266
0.16050223221064971
0.22630999550883074
0.2568094018965383
0.24542805041690535
0.28421797133530824
0.19168203737807848
0.21510019165277416
0.22695105468180699
0.22993725376433252
0.16112674309664984
0.1642915273474787
0.17426302433494578
0.2210217245845373
0.17389597084707487
0.2270574822050754
0.14924175118640276
0.2899983222918188
0.22812615835581987
0.3271440539474866
0.2716511700589201
0.2545927786364907
0.19571029576223314
0.2594005052218454
0.32705057520879466
0.2147495490218415
0.19268967628689415
0.186182315947889
0.25959527485795714
0.25790119350325275
0.1930173187978634
0.15165871792857138
0.17712782939033714
0.21027556635497724
0.2188513030397361
0.24378964335547032
0.2394585287542377
0.1818876505497889
0.1764532259234901
0.1921745862536149
0.16732914901499588
0.13602587494470111
0.15099080239812832
0.19414887628542243
0.18915023978279577
0.20298404864808584
0.20524148676788626
0.186615288175984
0.13550076203991965
0.24025334653237312
0.24378043753263764
0.3014661168493449
0.45539515839506256
0.27065946838830746
0.4589109533580599
0.6001272071436283
0.2789072008451115
0.1595989322135429
0.41894486855321544
0.3274377016578236
0.17325935750863466
0.403242082650423
0.23983470027639
0.21106421788877902
0.2843879768821126
0.3139050821685154
0.3695325622728444
0.3284540499686753
0.2092329151558448
0.1410723456576837
0.14134019951380294
0.2563027148032359
0.25472666872522404
0.17473560440071234
0.18114173098475622
0.184419399731938
0.19945245838747255
0.1573014380423069
0.18342764866097336
0.17323362430864514
0.23135735103596336
0.25956088946508743
0.21835846729619532
0.22281941640247085
0.33052023454740187
0.27960830445105955
0.20528355494076117
0.38876554086025406
0.4211442676332822
0.3195724602822932
0.2522391903404479
0.2554355190215408
0.2489780985082541
0.20044416724198452
0.3138324231863766
0.26456106825484144
0.2625337147421121
0.3260578679545665
0.2026020231183344
0.2934756849105823
0.23094087865512877
0.2722203250159826
0.24650797447851602
0.2219098498230488
0.1641087228469235
0.18981102746161158
0.16096511972786975
0.19010732847606698
0.13953900499464902
0.18684964002571913
0.23723387257130518
0.15407294527684362
0.18907146070079214
0.1722503373579879
0.13981900337804765
0.1816344005860227
0.16479481251731806
0.16346984835274686
0.15746850322087108
0.1385125727415426
0.16900819688896027
0.1402152331321663
0.1569093977818824
0.15432254806414164
0.15813658819370147
0.15220237003163822
0.1621257043180947
0.19354911905464842
0.25850645491989654
0.44270754897522974
0.2748091829375331
0.32734653165241684
0.16592015753817885
0.23051086746907615
0.2025136315569955
0.1892785228782025
0.1765340505465006
0.16717755947007382
0.16501719257754557
0.20278204815614526
0.22378228762542499
0.13134521260839382
0.14700831851484078
0.10017228295054313
0.1257216411027349
0.12531646235071678
0.13079431656041496
0.2137071319464855
0.20545885767765587
0.19548351381463
0.2342202006250668
0.19524253511515127
0.1350642342383758
0.13853994052305568
0.14441374366785686
0.15949782265614965
0.18926657093012442
0.19289144606079378
0.17378221723935044
0.25011464530654987
0.1914559346262236
0.17637880008210566
0.15723780597787784
0.17355679917641834
0.22251196036640497
0.41144270811378797
0.28549196036371816
0.24776035903536547
0.2513058486983374
0.23712657377923663
0.2027857636698391
0.17319121715162797
0.16787696805176194
0.16213571608015453
0.16978145931694982
0.19415427410638525
0.1668159280921353
0.1535093893201705
0.192507844864038
0.1508081268644712
0.19138903216153924
0.268210514478602
0.27389826087440744
0.3308272969614545
0.26490813983157674
0.3209348300520465
0.24918379378802968
0.25484889971317215
0.28273013478010517
0.2267552908411842
0.25721194470724434
0.24387457377153815
0.22412801100469545
0.21812281452705556
0.35365102437125867
0.2555668104728672
0.15883221006745898
0.14580334658872346
0.189521417110811
0.15859330999886317
0.21464794187931513
0.23277624202205321
0.205378968707879
0.18956211042906584
0.1676056511487768
0.15373044799056446
0.1008475949193885
0.16108644625426483
0.24685458218502826
0.16283686476216502
0.12887320513331213
0.08397622936848297
0.12402419246011953
0.2990506849606831
0.24254945221321458
0.28538950996340834
0.22161862093892895
0.18154626031556478
0.18042209375557855
0.17986995393821986
0.20390454274736639
0.1981137730948016
0.18395153285750243
0.18024144285530963
0.16554030005739578
0.1915833273202752
0.2571360626906923
0.20257858064074036
0.2332091186997149
0.22733576720541449
0.16245714734910996
0.18027409828500585
0.1883215720040559
0.20835484767804888
0.14466479035040822
0.14606541979502785
0.1354769608355347
0.1382878907726867
0.11267911990679541
0.14407112990120716
0.13166713930335489
0.13984715073341233
0.18301126632498618
0.20179972763398685
0.1614965483968309
0.13510483796603132
0.20208254264706002
0.18569602128570295
0.2465775896860198
0.21351397096771557
0.22408087733048115
0.21881239953063697
0.2182366762301294
0.24769935374050756
0.1660207046099219
0.25882871833425736
0.2886144485787201
0.25731801307065616
0.25598568754066403
0.26806644641577343
0.32264666094738165
0.35842563534238264
0.26946633943139914
0.24459888492113757
0.2548930833512858
0.20025226506363028
0.17943634081951831
0.1783139867363744
0.15689666166624577
0.1422507035232834
0.20097693687615042
0.1984645313051917
0.15517919951456
0.13466887015694604
0.19303689541383914
0.19588163699521527
0.2855973893657725
0.25054296017443234
0.2424915594409631
0.17984825315506142
0.22634251847011866
0.30177608293350905
0.18568363361867637
0.26018498352621505
0.2561004081219201
0.192345400166213
0.22378100156173633
0.11796482963796069
0.16143969149790555
0.16898550794234155
0.24047365127033118
0.3156170440295932
0.16835648240145587
0.21654648247810135
0.21230868693147778
0.26091236223839115
0.44169204486061003
0.26144521134836823
0.2628314979045425
0.2859307853173069
0.28607481566819176
0.3929065277944482
0.29642787598538356
0.4651144435112757
0.3109110426415864
0.1808016749966519
0.21199871272742787
0.23743758114908137
0.23976803039795358
0.19065250804687114
0.1708342958726905
0.16870693661961345
0.17253934602301774
0.20785971525639274
0.18660598709303852
0.1863452323194649
0.22292845777745957
0.19110264695616372
0.19218062689249968
0.16985170884914577
0.16446216733632166
0.1745686574887143
0.17887509651758057
0.1907161800341182
0.18577081914802193
0.23442689739329634
0.22678533281583738
0.1794528508735384
0.23318116554020554
0.1787070388656235
0.19933658966323853
0.14259603717105296
0.14671364259249883
0.14366219806720645
0.12560532297551089
0.15458911221861948
0.08367551443672293
0.09547925728578631
0.1414872697315209
0.17348496923414872
0.14861182587051883
0.14955336040796124
0.1428774604446361
0.12283069517082656
0.10676120875367123
0.11931492138705624
0.11929503147485931
0.1066760526567975
0.13755429754785164
0.13714788433316796
0.09570370642952292
0.070499724512264
0.07638412995616066
0.08349801915233603
0.043192638613126055
0.059882579759676695
0.07182739775558424
0.16497378030969645
0.12708995377637733
0.13465432482341563
0.08842687165022173
0.06412199966592093
0.04901538767954516
0.08191811263663994
0.05424463257227325
0.03799347824154192
0.041604434057654426
0.08827254960010666
0.08046973170587889
0.11801995272710071
0.16181940673345388
0.35186930269973515
0.15105181999080852
0.13921162849082797
0.13946949501143285
0.15849608463650347
0.190691938635209
0.22146449288958242
0.23811244088359104
0.24694517448312048
0.18031743270257103
0.1454053848538684
0.12946737473974124
0.11142231655888198
0.1381014587670892
0.10217155895528791
0.14654180712113637
0.1583825262715745
0.20225971686801278
0.24760379136380445
0.22500305144475718
0.18310649009205
0.08131679598755448
0.23379312139564823
0.1964565338044229
0.18213532994405116
0.2461524902993829
0.17115016965173835
0.14298513600314597
0.16003087588191311
0.15696415939020472
0.15787901932933535
0.07699361747240877
0.12325598171703164
0.10222760613548765
0.15515236107641522
0.1491583873322078
0.15446109452492537
0.15657660522646313
0.1844984376987777
0.13457200928747165
0.16364139196066663
0.15672953197179593
0.18212148731384797
0.14620711171419862
0.1679625393615307
0.20633532858449746
0.2573476048854357
0.25775298236766925
0.19133565403351305
0.18796134811769988
0.1448998958980325
0.1656998724817794
0.1401070431261101
0.12396034144808377
0.14016246573093455
0.09359215477281804
0.10907753430463968
0.10428494216721834
0.08672029852922203
0.0870974936313988
0.054557481601935506
0.061734514393377814
0.07932893126328748
0.15120965722907329
0.15054438296521602
0.06410759492955004
0.22016069200205482
0.17940928397001485
0.1597529938410786
0.10543336174033775
0.10601532549025235
0.12361674687686941
0.11166265288049884
0.08472203756977016
0.08653925018988394
0.1083835024924095
0.09363533268782726
0.10973214390464434
0.06427406040494422
0.04546232272811445
0.054239825263774556
0.050365797611594806
0.06564724198240421
0.05484453163706709
0.05115097241573492
0.0608507734233533
0.04127454966497393
0.056607158425961125
0.050780356361535314
0.06395694489723808
0.04795693038645506
0.05125272749627663
0.04744263703650006
0.04280414843842465
0.07087174639444443
0.044242125280306785
0.04778528752409624
0.043374914875486364
0.04143035890473154
0.03795147270963895
0.05649854702938473
0.06190948303931341
0.05663787278858646
0.06810818980952721
0.0859368333808594
0.09461202156402705
0.07918933936688019
0.05920676970075607
0.03851213742896309
0.04821801416511649
0.04027365212539254
0.037121847498522716
0.03304311942201702
0.056298580584578886
0.039512750539645314
0.030737811942392057
0.039541102235532984
0.05152908816505278
0.06760956387078583
0.05788361579444981
0.05535794653235524
0.05491093998304315
0.06846728828787296
0.06473173453130979
0.06776452096923298
0.06870697324736308
0.06082587325725409
0.05791240606105175
0.05908111842489107
0.05779491767364253
0.05009446743585385
0.06204032381905124
0.05674586729779992
0.18823051003390892
0.1791933989718765
0.20436765235775423
0.17699639983482562
0.12723999039829945
0.15472140591912328
0.11430587720535994
0.17537589268903314
0.18199854353473716
0.1582375278282536
0.1725901317921929
0.21377361797515823
0.22093076526119465
0.2181100708111534
0.18693734271908355
0.17967641869289724
0.19748709256113073
0.18890921192277788
0.1737724208535585
0.19867007193241515
0.15705614327195172
0.17585902647846008
0.11660044367236204
0.1475108744453459
0.14418233821352414
0.14712287180979594
0.14418943495854689
0.1422392597046139
0.12168331250549926
0.1382441168432423
0.14264989314227453
0.16322069960324698
0.14215408715625194
0.15526104754537115
0.13274361600574172
0.13411956598326044
0.14878648702630248
0.162190112616511
0.16926424704346335
0.18302006816309846
0.23094793231728944
0.1632563954601113
0.09149918551252623
0.12759853317193146
0.14071073857487834
0.17929026221508598
0.18271264701140355
0.2248706677265511
0.1798687633617907
0.21141550066606932
0.1625231699036474
0.2043402915574689
0.20327702863219543
0.14496282650961356
0.1193669848921641
0.21222557616003188
0.22683341145525399
0.1578856572380913
0.19176347389563164
0.14172632590463613
0.25830760255527185
0.14229605699996684
0.14298076571409493
0.1922271303680426
0.16966211090437597
0.25818473368299993
0.18915714396398245
0.146545831274834
0.13022281378436112
0.18226185506895132
0.2403777945249508
0.2368822626467096
0.2184705048606122
0.23481040559226463
0.21015921092541426
0.180124438542623
0.22277012463989387
0.23228450386769173
0.2627156699809864
0.223228363403096
0.2721589930849728
0.23652156327869908
0.2770734580828017
0.25020340063345636
0.24078210783940934
0.24793280564194053
0.25206584409573635
0.30191374261587
0.3626218381274122
0.6115207820396457
0.5918995802036332
0.45136437868095397
0.271812567623846
0.17271079266008701
0.26998495105033143
0.34842405291831124
0.23630055311950057
0.18777328438202887
0.27885262259665167
0.20832027399912484
0.16038080888677142
0.2027730608836652
0.22928923396120804
0.19964680914004396
0.19835580243743473
0.15882565207889687
0.20332121995513103
0.21146225521614423
0.18828944568315414
0.16970899139780066
0.16396234315352098
0.11828273217663177
0.10939005142698931
0.12861997000685857
0.16053471895306493
0.19954480882370956
0.2556135792154808
0.23769501228462875
0.26825694808104206
0.24793209236415795
0.26553830561828673
0.08272455443878113
0.25275115932723247
0.14622141086858162
0.19422994183173622
0.20174764445964882
0.1383091465560391
0.1613068661733386
0.22617534713358559
0.24849974813622655
0.10873960620989698
0.1965148763838082
0.3576661637888814
0.2951506183374798
0.32637801900461233
0.21683131145078996
0.29412564001196856
0.6183352617154315
0.34805983645291705
0.2067440568759668
0.20328128604509918
0.30526906777032936
0.23926359413034692
0.29191025254282627
0.2472752762967023
0.21022064327530599
0.17065800374279175
0.18066781874778734
0.16582079899494198
0.16665144157431264
0.24449681671873294
0.1916584423463433
0.1606900084977694
0.1661982612054916
0.16127427512014975
0.1763722101996496
0.17493399743472873
0.19127849099277325
0.1767020660682094
0.13672010786677333
0.14423784996696531
0.16328826055072684
0.18371661743478926
0.18675880203012918
0.17263977488017612
0.1861720739796894
0.1715692420814296
0.14148921577192164
0.15226908536025108
0.10853161433389565
0.19292372574518304
0.18765363580628908
0.1631330888393948
0.20579374405871306
0.2701846401634336
0.3538327374817267
0.32931663913114495
0.2600800820498306
0.24526628892271252
0.3323568276892409
0.32078568862222684
0.40306356530352866
0.22760816118203342
0.15894041939964856
0.1848990221636601
0.24472385983357847
0.24911322795699367
0.25796416458062954
0.19640839457680723
0.19216851514384814
0.17361413553675115
0.2248628617443792
0.33567650111523484
0.3052350110512264
0.29166187283751377
0.1898730293896456
0.22562888388209554
0.2782324019257352
0.0914266665130038
0.33648917379982723
0.13922381509321075
0.17760514820548953
0.2274209495769163
0.2670450132689632
0.17234159095457188
0.204256724635947
0.3968650455071798
0.44236062645223156
0.26084664416020054
0.22680294714145227
0.2695470131397682
0.2543370207816436
0.16289279468415108
0.213538723053975
0.2417989448622199
0.1898843549624734
0.1527957861863186
0.1324909900778253
0.14155657944635935
0.16492220170547617
0.1426887246820137
0.12403904441279996
0.10520845702478587
0.13400915704073488
0.14127963976767763
0.17007274551939894
0.18456724556663656
0.1796076175245041
0.15814902723626437
0.2279541754844678
0.20206152343903344
0.20219450755211452
0.19010384830259577
0.17640950094426808
0.14431215549128135
0.23118575712431474
0.19725573833601123
0.23090002970512746
0.1793059612576188
0.22434592438976855
0.21152019887543447
0.18615033315273058
0.18074440361703312
0.21686069481051556
0.18084823112767578
0.1476134907282694
0.2631576148622574
0.24401574571007603
0.2222175221057496
0.2610221363685558
0.21887488160061297
0.2130731812222184
0.16517950367475936
0.1949633083605083
0.16595540041452825
0.22223624140019468
0.1392937005656619
0.11886206573311028
0.15820943708492513
0.21348684654009786
0.21440384110065347
0.177476144159363
0.1856038188925117
0.06200550547508965
0.16356295293545775
0.15180048409217162
0.16083752626882655
0.16333464322211133
0.14136492499594283
0.15670763797813164
0.11030403858137286
0.08033192530385692
0.12797568448402233
0.11414146311744448
0.06229950033819186
0.0810818338042382
0.07765823605541051
0.09190454403501135
0.10199887441983253
0.10615108705676608
0.09126091915800093
0.11042243411643278
0.12067965989899437
0.11916909962374049
0.17283458170355176
0.1603189824979018
0.14420717842765976
0.15335544083761704
0.1677945623508334
0.22716966573073605
0.2632551927990577
0.24640105109121047
0.23198527560357912
0.23315324913010915
0.19417006283875496
0.17807437309967317
0.15642233556375199
0.30256560352828793
0.22201706104428165
0.29948697808807634
0.3060658805509838
0.3717343922293299
0.2538611114936047
0.26772672404492004
0.36190082569700477
0.25866891254474866
0.15457278148620274
0.15389513125287332
0.1692315853238428
0.21376161635065455
0.17458654844506208
0.16125908711589174
0.238920895654109
0.21949644016747338
0.2378719009931776
0.13137342795795315
0.15315311719757893
0.20784935639204383
0.2293015227495612
0.21245384079907115
0.27260459519597685
0.2288547463871834
0.25251685021479053
0.23924477207754855
0.2609129777228499
0.291705525824791
0.2936316213466709
0.34152738576342256
0.26131442764162205
0.30584966274164915
0.2872506304759453
0.27191976481197705
0.2919092792008254
0.3100970821862408
0.3008806761818446
0.24983955901255156
0.2246215924025704
0.22383473951675847
0.2329483194122272
0.21661357452568902
0.2532146744158826
0.21442652532840673
0.20951354610177728
0.30610169396155246
0.27091294178047587
0.17774028946829035
0.31664269323018884
0.3472974773900077
0.20629765582555915
0.20387453315405837
0.14689072921274732
0.16202692053384654
0.20132570983826265
0.22169929201265107
0.23677118467482985
0.28237368777314925
0.3112677516599839
0.3075237717653545
0.2297114928069927
0.23083607702347025
0.2594704821944941
0.25903653818822486
0.2718246329462275
0.26292375243847665
0.307822855091046
0.5116410413388965
0.2945912853888236
0.42178775943252667
0.3389942001680035
0.3067869671250026
0.2901383346052611
0.3261948852555882
0.28408353121868113
0.1726672075585622
0.149087828560955
0.21146217866978284
0.27329029018114764
0.24277680648910405
0.15426994374639347
0.11898657627275236
0.15460909284380464
0.07495450478349434
0.08175810944556895
0.23191336632536044
0.16198808122280628
0.27872409421992544
0.20727829064055442
0.13534813079726776
0.1447828888684713
0.12818716656827467
0.1933644482162203
0.26648416660481583
0.2499195824413239
0.12605379444215553
0.14643751748262018
0.19079226382744724
0.20474431537103605
0.17774426128014842
0.1462066841183895
0.1365863443908587
0.14522409609874698
0.16068984133381822
0.23684282732788506
0.2693113888725028
0.2319150162268703
0.2435599720009075
0.29372534021211927
0.18163057589919604
0.20992844270360497
0.1946188601447022
0.2437769513438807
0.17005311889553798
0.16041537658786575
0.0928456571584632
0.11708591573946285
0.14073014404359618
0.14586017357358713
0.15880997298370525
0.1616832253745437
0.181883001707916
0.17565481020006118
0.16579895190974459
0.17811113445354473
0.19924552649056138
0.18566979193295216
0.2125017151241581
0.11612392943630748
0.14486066649265902
0.16549717586003124
0.13635918264724453
0.11920814458714868
0.12172834199488453
0.14897029259402017
0.18711405222504598
0.18857630857429306
0.23016210304696189
0.32547925963853447
0.2625474980122675
0.23047571514828386
0.2241596455584653
0.2096222890099846
0.22319974125384154
0.2641071149632875
0.24371423841837028
0.2374007845789053
0.41754667765779235
0.3602428411055917
0.4536803548345085
0.38061221075859875
0.2825480534004088
0.21704951209203263
0.2994110438589856
0.31213131645705006
0.25519680048653176
0.23312452980854023
0.15607991199881896
0.14977508286760327
0.2172561112297881
0.18382622805751303
0.2989381752952911
0.4608694564068014
0.33960441383365153
0.1906007598704002
0.18662236443082286
0.24849910758693905
0.4182004410436914
0.3655457781682566
0.37655853815336354
0.26588849250475916
0.5207913413765233
0.3279102618139343
0.3522654968313522
0.3332074946861582
0.4292927358187679
0.4287667946505103
0.7791542454152325
0.3574771160434544
0.3240785502603032
0.257891529460046
0.22784436553492018
0.20403485786558953
0.2318311472045214
0.22388894086046435
0.26796783314676476
0.18583639896058157
0.21620205718746766
0.2697500823925555
0.23453889743048378
0.21711511700827973
0.19871558404756073
0.1494281390401409
0.17695058330078253
0.17530704932615426
0.1531254843538628
0.31343255907569945
0.2286517136961867
0.35950965210981356
0.3077307250436906
0.43164396327397864
0.38090487733109596
0.3782859355418588
0.2481889615742702
0.2536614231439513
0.2554344666662216
0.14751093523118083
0.16073534013794133
0.1370776615938057
0.23858251643213582
0.5095592177309621
0.24340919569398964
0.18701158895179815
0.2217776453586189
0.21606944233557768
0.2388329468029759
0.1690386926069679
0.21542147195735437
0.3222766772780849
0.2574102426072572
0.3331469748838791
0.5790432603330552
0.35631530991346017
0.4294548197476946
0.3633075796914917
0.31939897020219715
0.1809509656731943
0.2454643339171338
0.2501694104071872
0.24519001528625725
0.18691170934154405
0.16392354521381056
0.15445228157657118
0.1956583179010397
0.13456305205549418
0.17131069956146927
0.23211346926546178
0.22022294068501913
0.21034378668368947
0.24999279672574778
0.23590838766880518
0.24481504518277478
0.26253188039814407
0.32478686861485856
0.269882799729102
0.268888187869713
0.14244923548695607
0.16104218646786506
0.13055418997555382
0.16281148530760178
0.23495130435787503
0.17474126707200244
0.18795855480577872
0.18386745885828698
0.16648112484954886
0.16847606360722447
0.15060269780130572
0.12973634478672796
0.17781460178643246
0.2391223018827356
0.20551054879507624
0.19820322471742952
0.12035431443849008
0.09021227445728473
0.08269382746735993
0.1488614138057056
0.16660593371918192
0.24500079615028703
0.27242114909559834
0.2458581142912098
0.2473505869037524
0.27033393999434807
0.21603167075732083
0.24007779722743786
0.22443075540205018
0.16357739291172166
0.11246877252385813
0.22083015885225327
0.2506204611879814
0.18569494205203468
0.17909921858327985
0.151199661432291
0.19018682615654803
0.2612332588136218
0.2070044944437308
0.26117056059847893
0.20991483636784042
0.19255642983467966
0.25496575054228343
0.3011915733390211
0.26211709711791575
0.24241186780372537
0.32723258780157444
0.6185464069016376
0.31700323857999635
0.38493550192014825
0.3216092105191564
0.25333763165619366
0.3709957193426815
0.20319435403594108
0.16716052035356377
0.21799825658996796
0.14312667863661002
0.28158412300285346
0.2678048694760956
0.23975254868591034
0.17556001644588487
0.13742132105561639
0.275404513490437
0.17863545163834488
0.19432426034877526
0.15169943635639718
0.21084754614145626
0.35791079241812185
0.3227173563922257
0.17681382536662021
0.22335846087394423
0.1445310662474604
0.2487682249601063
0.2701877290677122
0.293438555583849
0.23012326250889747
0.1211413855244533
0.37334250399109403
0.303607853399155
0.34136262946068596
0.21951476191159308
0.2546238338049039
0.39244165143165977
0.3709940434350621
0.5089876634523608
0.5605052147281011
0.40279682774517644
0.18736920507799965
0.22190451957740515
0.20441073946997687
0.3750845064106288
0.3404888954240637
0.3697162647820677
0.4117631232641044
0.32124513511323516
0.3034992220274888
0.30602509347960716
0.19176059649219457
0.1867631870658331
0.16184503880711082
0.19739715004113226
0.18203368422413888
0.17806839863011747
0.2977689304119046
0.41156365453196847
0.27918766930988625
0.22362750699796038
0.24411197893391925
0.1303885744543806
0.20711123847837748
0.2937120819884917
0.25539449509866086
0.4327591830435343
0.43610865434448154
0.7423699421089603
0.23868986112194213
0.24495449914271605
0.22753024749935424
0.2455471500698312
0.36437098656032657
0.29653943461475263
0.17167864784815612
0.17513095156992575
0.24504805138839691
0.3069669314569468
0.26206640615632126
0.4085472722345133
0.3127500571885231
0.31068873084640725
0.23821105895377015
0.2642294407998443
0.3832631446912659
0.35344161319662265
0.34607523942799134
0.2617468152266982
0.12470003399834485
0.24793539839820278
0.2125922200739363
0.1818368116486294
0.18433177384949131
0.26324248673587786
0.2891329383111505
0.21577160960266453
0.22470082198488778
0.264381701069279
0.19677334366902471
0.20759143036070993
0.1732903624182481
0.18727946011804952
0.25381363020039654
0.2599255579067363
0.18049988251504162
0.1183923507025169
0.1775633445955
0.20232801733240355
0.2989916614401439
0.21707243606621313
0.2731384998045232
0.2555186024725377
0.21841622059260862
0.21210154570953774
0.22751195756264447
0.28132232112975764
0.20786557175457004
0.13526887132215978
0.2874934542879644
0.305893395355913
0.3022361014269467
0.31247326177751866
0.32474629771223357
0.2236158775459131
0.1441343360837116
0.18716669885370052
0.33736675458445786
0.26117660824107775
0.2987748236389034
0.2629235755705713
0.1804574460824669
0.22769379194930947
0.21576638044272975
0.2720876684274887
0.19264479281996713
0.18873213105659023
0.16325655820629015
0.1837027513770106
0.21307010353051858
0.19294880192857097
0.1898761020510297
0.11359611554625158
0.19632378790068603
0.1856732253098873
0.09083710325462938
0.19639070315152302
0.23891398619112436
0.2916695412486534
0.2081069852375127
0.21419231060678112
0.2677306636322195
0.2155856540798055
0.2673103017903257
0.3277728854539371
0.2500334049509407
0.1963643913495118
0.18747830884006114
0.13503689697198581
0.1304871568353933
0.1874670871208707
0.21639725792072956
0.2536292695340686
0.24116814493409608
0.16217620317298548
0.2736487084277791
0.2558830858934335
0.22504817868674082
0.14580843457809717
0.1266938180264786
0.2024237975233118
0.3018943367500002
0.31992129314870343
0.3450344655897975
0.3920292631449201
0.04826384665507186
0.377718014323106
0.3186693891333762
0.19341324900900755
0.26187418634585824
0.23451647122333286
0.19639402969056374
0.1469841876071768
0.11582358536025394
0.1419452780080897
0.1837312520997897
0.1566229365288266
0.24992276213897177
0.156825716865025
0.23115125027087557
0.3882315310902116
0.2166218791843642
0.1996037219635531
0.20591630856877569
0.2455369450040077
0.22378130392810822
0.2587432066722123
0.2833616999083679
0.21806773768961565
0.11891111248310647
0.1952843329776567
0.21970806768928264
0.1870241845669003
0.17534326921306675
0.10970198082369569
0.1295086924548997
0.2299069824726266
0.34050626241814064
0.22611447439524823
0.20249608530630325
0.18823218576731796
0.17943256626529558
0.21800013367851506
0.1783349032233882
0.13934114220659433
0.1856196302114051
0.19155983058512466
0.18293148566853137
0.199314589126911
0.21455533356732304
0.15556879547998514
0.18890275155543457
0.14699122464170647
0.2920099543381125
0.334091495875119
0.6014980610785615
0.30753001666691954
0.23897671788255292
0.20056230046648493
0.24269003544398196
0.24964871184181306
0.1944165971171331
0.2168984255532277
0.3601650793615523
0.3192233806785079
0.2982918616339223
0.2703907602128791
0.16856807724439768
0.19341264560080232
0.24116097812980472
0.22432584818648235
0.17129650699118093
0.2150197105506654
0.21797403086511577
0.2168428280316217
0.2541456747427276
0.2215592307786236
0.18462350645943923
0.13359288645886083
0.13408053400982833
0.14539169980624234
0.15524018002175077
0.20451150385003872
0.20894142967578003
0.22928787507196163
0.19479728950167677
0.1872281169245001
0.18110537047398034
0.2211468153436906
0.22434145613026668
0.1266126193421007
0.14164388833427
0.11103266998445459
0.20076098882283458
0.21849771048214822
0.20149265755925505
0.15713047519217382
0.1798582414392739
